,Athlete,Affiliate,Country,Competition,Placement,Region,Division,Division_2,Back Squat,Chad1000x,Clean and Jerk,Deadlift,Fight Gone Bad,Filthy 50,Fran,Grace,Helen,L1 Benchmark,Max Pull-ups,Run 5k,Snatch,Sprint 400m
4,Paige Shirley,Sou'wester CrossFit,,,,Canada East,Women,,206 lb,,115 lb,246 lb,,,5:13,,,,7,,80 lb,
11,Richard Powers,CrossFit Estero,,,,North America East,Men,,280 lb,,125 lb,345 lb,,,2:12,4:13,10:15,,33,,180 lb,
12,Nathan Bird,,,,,United Kingdom,Men,,195 kg,,135 kg,198 kg,364,,2:05,1:54,,,104,,105 kg,
47,Pietro Costa,,,,,,,,95 kg,,,145 kg,,,,,,,,,,
48,Nancy Randall,Willamette Valley CrossFit,,"2023 open
8010th
worldwide",8010th,worldwide,Women,Women (35-39),195 lb,,,255 lb,,,,,,,,,,
49,Maria Cristina Gomez Cancho,CrossFit Almeda,,"2023 open
12568th
worldwide",12568th,worldwide,Women,Women (35-39),105 kg,,65 kg,120 kg,,,,,,,21,,58 kg,
87,Javier Gala,CrossFit Northwest Paterna,,"2023 open
12868th
worldwide",12868th,worldwide,Men,Men (40-44),95 kg,,,125 kg,,,,5:31,10:38,,,24:35,,
93,Brian Eells,CrossFit Melior,,"2023 open
2759th
worldwide",2759th,worldwide,Men (55-59),Men (55-59),305 lb,,195 lb,383 lb,,27:31,,3:07,13:24,,,,,1:07
111,Alessio Colombarolli,Fast CrossFit,,,,Europe,Men,,170 kg,,130 kg,210 kg,,,,,,,,28:51,110 kg,
132,Cristian Gonzalez,,,,,,,,,,,,,,5:45,,,,,25:36,,
157,Max Achten,,,,,,,,122 kg,,95 kg,163 kg,,,,,,,,16:23,70 kg,0:55
159,Felipe Carvacho,Aku CrossFit,,,,Spain,Men,,137 kg,,110 kg,190 kg,,,,,,,28,,87 kg,
179,Kimberly Almeida,CrossFit Illumine,,,,North Central,Women,,260 lb,,185 lb,305 lb,,,3:18,3:00,10:52,,,,155 lb,1:13
187,Debora Fumes,,,,,,,,84 kg,,65 kg,114 kg,,,7:33,4:22,,,,,47 kg,
196,Vasileios Natsinas,,,,,,,,130 kg,,,160 kg,,,,,,,,25:00,70 kg,
204,Adriel Moraes,,,"2023 open
5992nd
worldwide",5992nd,worldwide,Men,Men (40-44),120 kg,,,160 kg,,,,,,,,23:12,50 kg,
212,Ryan Devries,FirePower CrossFit,,,,North America,Men,,415 lb,,285 lb,550 lb,,,3:48,,,,,22:36,200 lb,1:16
220,Victor Montano,Under Cover CrossFit,,,,South America,Men,,345 lb,,,405 lb,,,3:20,,,,,15:00,235 lb,
221,Dave Kling,CrossFit WestMids,,,,United States,Men,,,,,,,,,,,,,28:34,,
235,Carly Pierce,CrossFit X2,,"2023 open
8165th
worldwide",8165th,worldwide,Women,Women,305 lb,,235 lb,,,,3:08,,,,,,205 lb,
240,Ryan Nightingale,South Loop CrossFit,,,,United States,Men,,345 lb,,275 lb,455 lb,,,2:47,,,,,18:13,215 lb,1:07
244,Quincy Totta,,,,,North America,Men,,425 lb,,305 lb,455 lb,,,2:25,,,,43,,225 lb,
274,Pawel Slega,,,,,,,,125 kg,,95 kg,180 kg,,,3:23,2:43,,,,,75 kg,
277,Bailey Ryan-Orchard,CrossFit Shoalhaven,,,,Australia,Men,,135 kg,,90 kg,150 kg,,,,,,,,25:09,65 kg,
293,Quoc Lim,CrossFit H78,,,,Europe,Men,,231 lb,,155 lb,352 lb,,,8:40,,,,,,121 lb,
302,Alex Gribovsky,,,,,,,,130 kg,,90 kg,170 kg,,,4:00,6:01,,,54,23:34,75 kg,
317,Ruslan Orudgev,Qartal CrossFit,,,,Asia,Men,,125 kg,,95 kg,155 kg,,,,,,,40,,80 kg,
325,Robert van Rijn,CrossFit 2678,,,,Europe,Men,,140 kg,,110 kg,170 kg,,,,2:49,,,,25:18,95 kg,1:20
338,Kevin Torre,,,,,United States,Men,,135 lb,,85 lb,185 lb,,,,3:45,,,,,85 lb,
352,Rudra Fateh Aurora,,,,,Australasia,Men,,130 kg,,,120 kg,,,,,,,,,,
395,Scott Zack,,,"2023 quarterfinals
654th
worldwide",654th,worldwide,Men,Men (40-44),455 lb,63:02,295 lb,455 lb,,,2:56,1:54,10:04,,,33:00,220 lb,1:42
418,Sean Cundiff,CrossFit Apollo,,,,United States,Men,,,,,365 lb,232,,,6:51,,,,,,
457,Brittany Ward,CrossFit Wild West,,,,United States,Women,,215 lb,,160 lb,,298,,,,,,,,125 lb,
500,Robert Olson,Tower Barracks CrossFit,,,,United States,Men,,345 lb,,213 lb,350 lb,,,4:44,,,,22,16:38,185 lb,
520,Brent Randall,Willamette Valley CrossFit,,"2023 open
11638th
worldwide",11638th,worldwide,Men,Men (35-39),365 lb,,295 lb,485 lb,,,,,,,25,,215 lb,
548,Guy Stimson,CrossFit Claremont,,"2023 open
1603rd
worldwide",1603rd,worldwide,Men,Men (45-49),150 kg,,105 kg,180 kg,254,,3:30,3:01,6:35,,17,23:00,85 kg,1:22
626,Spencer Haff,,,,,,,,300 lb,,135 lb,500 lb,,,,,,,,28:00,,1:00
653,Katarina Burvall,Skelleftea CrossFit,,,,Europe,Women,,115 kg,,55 kg,145 kg,,,,,,,,22:09,,
663,Andrew Bush,Body Armor CrossFit,,"2023 open
2043rd
worldwide",2043rd,worldwide,Men,Men (35-39),400 lb,,275 lb,405 lb,324,25:05,3:25,2:40,8:27,,27,24:21,220 lb,
666,Raphael Fuzeau,CrossFit Des Cimes,,"2023 open
11499th
worldwide",11499th,worldwide,Men,Men,170 kg,,110 kg,190 kg,,,3:15,3:30,,,,20:00,95 kg,
681,Drew Whelan,Contender CrossFit,,,,North America,Men,,345 lb,,225 lb,425 lb,,,,,7:56,,,,175 lb,
682,David Padron,,,,,,,,265 lb,,205 lb,315 lb,,,,,,,47,14:35,155 lb,1:09
716,Leo Stevens,CrossFit Luna,,,,United States,Men (60+),,245 lb,,,370 lb,,,,,,,,,,
719,Changhwan Park,,,,,Asia,Men,,270 lb,,195 lb,375 lb,,,6:55,,,,51,,160 lb,
727,Alan Bennett,,,,,North Central,Men,,10 lb,,10 lb,10 lb,,,1:09,3:48,,,,,10 lb,
735,Jack Trastevere,Motor City CrossFit,,"2023 open
28720th
worldwide",28720th,worldwide,Men,Men,325 lb,,225 lb,405 lb,,,2:40,,7:51,,50,,135 lb,
736,Dave Stone,,,,,South Central,Men,,450 lb,,,425 lb,,,,,,,20,,,
743,Spase Zhupanoski,,,,,,,,160 kg,,100 kg,170 kg,,,2:07,,,,27,25:00,80 kg,
752,Yolanda Cid,,,,,Spain,Women,,115 kg,,,140 kg,,,,,,,,,,
754,Finn Johansen,CrossFit Byens Box,,,,Europe,Men,,,,,,,23:21,,,,,,,,
794,Hau Yu Li,CrossFit Loga,,,,China,Men,,160 kg,,95 kg,170 lb,,,,,,,,,68 kg,
823,Aaron Yost,CrossFit Southglenn,,,,United States,Men,,315 lb,,234 lb,405 lb,,,,,,,,,175 lb,
824,Frank Pace,CrossFit Spot,,,,North America,Men,,365 lb,,275 lb,465 lb,,,3:14,,,,36,,220 lb,
828,Stan Rolff,CrossFit 0174,,,,Europe,Men,,200 kg,,83 kg,200 kg,,,,,,,45,27:00,80 kg,
830,Marcus Strange,,,,,North America West,Men,,275 lb,,140 lb,400 lb,283,,,,,,10,28:14,100 lb,
832,Anthony Alfonzo,CrossFit 580,,,,West Coast,Men,,375 lb,,265 lb,445 lb,,22:45,3:38,2:58,8:45,,48,,205 lb,
841,Manuel Iglesias,,,,,Latin America,Men,,285 lb,,200 lb,405 lb,261,36:16,9:50,4:28,13:43,,15,30:29,135 lb,2:17
844,Kaue Macambira,CrossFit Breu,,,,South America,Men,,236 kg,,170 kg,240 kg,,,3:38,3:05,,,30,23:20,130 kg,
846,Alexander Schott,,,,,Europe,Men,,110 kg,,75 kg,170 kg,,,8:20,,10:34,,24,,53 kg,1:32
850,Chantel McMullan,CrossFit Empyrean,,"2023 open
15766th
worldwide",15766th,worldwide,Women,Women (35-39),180 lb,,140 lb,270 lb,,,,,,,,,75 lb,
861,Christine Ostroski,South Hall CrossFit,,,,United States,Women,,265 lb,,150 lb,310 lb,,,,,,,,,,
871,Van Estella,Clermont CrossFit,,,,North America,Men,,295 lb,,225 lb,325 lb,,,,,,,,,175 lb,
879,Tom Eastham,Marlborough CrossFit,,"2023 open
1290th
worldwide",1290th,worldwide,Men,Men (35-39),160 kg,,127 kg,228 kg,,,2:37,,8:28,,,20:47,100 kg,1:18
895,Fabio vom Dorp,CrossFit Munich,,,,Europe,Men,,160 kg,,120 kg,180 kg,,,,,,,,,100 kg,
926,Dominic Geoghegan,CrossFit Mercia,,"2023 open
3563rd
worldwide",3563rd,worldwide,Men,Men (40-44),190 kg,,110 kg,210 kg,,,,2:17,10:11,,,19:55,80 kg,
944,Frances Koback,Clipper City CrossFit,,,,United States,Women,,,,,,,,,,10:21,,,,,
976,Kevin Chan,CrossFit Unit,,"2023 open
4033rd
worldwide",4033rd,worldwide,Men,Men (50-54),140 kg,,85 kg,150 kg,,,7:00,,,,20,25:00,67 kg,
982,Hong Zhu,,,,,North America,Men,,375 lb,,295 lb,430 lb,,,3:58,2:29,,,30,,245 lb,
1004,Pavel Lyubanskiy,,,,,,,,160 kg,,110 kg,215 kg,208,36:06,4:31,4:40,12:44,,52,23:22,80 kg,1:44
1011,Vikram Sahai,CrossFit Kaali,,"2023 quarterfinals
264th
Asia",264th,Asia,Men,Men,177 kg,,137 kg,197 kg,,,2:56,2:03,,,62,25:38,100 kg,1:35
1013,Alona Petryk,CrossFit Uranova,,"2023 open
1655th
worldwide",1655th,worldwide,Women,Women (35-39),102 kg,,85 kg,150 kg,,,6:00,,,,,,62 kg,
1030,David Karlsen,CrossFit Tiko,,,,Europe North,Men,,,,100 kg,,,25:45,4:46,,,,,22:16,,
1039,Rick Holsinger,CrossFit Parsons,,,,United States,Men,,315 lb,,240 lb,465 lb,,,4:58,2:32,11:37,,,27:35,185 lb,1:35
1043,Tara Card,Iron Regime CrossFit,,,,Canada,Women,,,,130 lb,245 lb,,19:28,4:32,2:40,11:24,,,,,
1053,Allison Sode,,,,,Central East,Women,,225 lb,,170 lb,305 lb,,,,2:26,,,,,120 lb,
1055,Hannah Acosta,CrossFit Pick Axe,,,,United States,Women,,175 lb,,130 lb,230 lb,,,7:58,2:48,,,,,87 lb,2:05
1091,Andi Baumgartner,,,,,Europe South,Men,,150 kg,,90 kg,160 kg,,,,,,,,,65 kg,
1096,Nathan Gooch,CrossFit Narlie,,"2023 open
2841st
worldwide",2841st,worldwide,Men,Men (40-44),130 kg,,98 kg,173 kg,,,3:48,2:39,,,,,70 kg,
1116,Thomas Bouzige,CrossFit Le Troisieme Endroit,,"2023 open
7929th
worldwide",7929th,worldwide,Men,Men (35-39),,,,,,,,,,,,,77 kg,
1138,Gerald Solis,CrossFit Aledo,,"2023 open
14094th
worldwide",14094th,worldwide,Men,Men (35-39),300 lb,,240 lb,400 lb,,,,,,,,,185 lb,
1140,Declan O'Shea,CrossFit Airdrie,,,,Europe Central,Men,,105 kg,,80 kg,145 kg,,,6:43,9:58,,,28,,55 kg,1:23
1153,Jesse Ferguson,,,,,,,,325 lb,,200 lb,365 lb,,,,,,,,,,0:11
1169,Tiffany Galaviz,Heavy Hitters CrossFit,,,,North America,Women,,180 lb,,125 lb,205 lb,,,,,,,,,90 lb,
1176,Blaise Liger,CrossFit Ballers,,"2023 open
6115th
worldwide",6115th,worldwide,Men,Men (40-44),120 kg,,80 kg,170 kg,,,5:06,,,,,,63 kg,1:04
1182,Mirko Zecchi,,,,,,,,90 kg,,80 kg,130 kg,,,,,,,,,60 kg,
1184,Ashwin Pathmudi,High Spirits CrossFit,,,,India,Men,,,,,,,,7:06,,,,,,,
1190,Jonelle Beveridge,CrossFit Frantic,,,,Oceania,Women,,85 kg,,58 kg,100 kg,,,,,,,9,35:00,50 kg,
1202,Jessica Tindholm,CrossFit FNF,,,,Europe,Women,,110 kg,,85 kg,125 kg,,,,,,,,23:21,60 kg,
1219,Ryan Nelson,CrossFit AFCO,,,,North America East,Men,,300 lb,,205 lb,335 lb,,,,4:15,14:19,,,,155 lb,
1263,Christophe Fernandez,CrossFit Manakaha,,,,Europe,Men,,75 kg,,55 kg,100 lb,,,9:39,,,,,27:55,45 lb,
1274,Ali Ashkanani,,,,,Southern California,Men,,110 kg,,160 lb,310 lb,,,,,,,,,125 lb,
1289,Andy Mcleod,,,,,,,,130 kg,,,180 kg,,,,,,,,,60 kg,
1290,Francesca Masserini,Orobica CrossFit,,"2023 quarterfinals
1218th
Europe",1218th,Europe,Women,Women,130 kg,,100 kg,,,,,,,,,,84 kg,
1296,Samuel Saxby,CrossFit Dux,,"2023 open
70858th
worldwide",70858th,worldwide,Men,Men,147 kg,,110 kg,165 kg,,,5:23,2:59,,,,,90 kg,
1302,Richard Gornick,Steel Bond CrossFit,,,,North America,Men,,355 lb,,255 lb,435 lb,,,7:32,,8:26,,30,27:32,205 lb,
1309,Fran Redondo,CrossFit Nou Barris,,"2023 open
13029th
worldwide",13029th,worldwide,Men,Men (35-39),150 kg,,,170 kg,,,4:03,,,,38,,,
1325,Cole Bernard,,,,,North America,Men,,315 lb,,185 lb,375 lb,,,,,,,18,,120 lb,
1359,Heiko Zajonz,CrossFit Passau,,,,Europe Central,Men,,125 kg,,90 kg,170 kg,,,,,,,,,65 kg,
1371,Cathy Lassiter,,,,,,,,75 lb,,55 lb,145 lb,,,,,,,15,,,
1385,Barthomeuf-Perey Gregory,CrossFit Filature,,"2023 quarterfinals
515th
worldwide",515th,worldwide,Men,Men (40-44),175 kg,,135 kg,215 kg,,,2:48,2:16,,,42,19:06,85 kg,
1391,Alexis Machuga,,,"2023 quarterfinals
167th
North America East",167th,North America East,Women,Women,290 lb,,200 lb,355 lb,,,3:26,,,,,,140 lb,
1402,Eusebio Bawden,,,,,,,,405 lb,,255 lb,515 lb,,,,,,,40,,175 lb,
1404,Alexandra Ortiz,CrossFit Finestrat,,,,Europe,Women,,90 kg,,50 kg,120 kg,,,,,,,,,37 kg,
1432,Sangmin Ryu,CrossFit Hoya,,,,Asia,Men,,435 lb,,345 lb,535 lb,,,,,,,,,255 lb,
1450,Marco Schiavone,Atomic Monkey CrossFit,,"2023 open
17414th
worldwide",17414th,worldwide,Men,Men,170 kg,,137 kg,220 kg,,,3:49,3:43,,,,19:46,108 kg,
1473,Stephan Van Dyck,,,,,,,,183 kg,,120 kg,206 kg,,,,,,,,,96 kg,
1481,Damien Girard,CrossFit Menestys,,,,Europe,Men,,130 kg,,105 kg,173 kg,,,4:05,,,,,20:28,81 kg,
1492,Tommy Rodriguez,Atlas CrossFit,,"2023 quarterfinals
170th
worldwide",170th,worldwide,Men,Men (45-49),380 lb,,275 lb,,,,2:29,,7:40,,,,235 lb,
1508,Javier Ramirez,,,"2023 open
8277th
worldwide",8277th,worldwide,Men,Men (35-39),190 kg,,120 kg,210 kg,,,,,,,,24:48,100 kg,
1517,David Rambo,TriForce CrossFit,,,,North America East,Men,,315 lb,,225 lb,340 lb,347,,3:42,,,,,,165 lb,
1540,Daniele Zanco,CrossFit Sagittarius,,,,Europe,Men,,183 kg,,125 kg,210 kg,,,2:41,2:08,,,70,,100 kg,1:03
1579,Jesus Sousa,CrossFit NOÁ,,,,South America,Men,,,,245 lb,365 lb,,,,,,,,,185 lb,
1587,Raphael Reyers,CrossFit Kleve,,,,Germany,Men,,155 kg,,112 kg,200 kg,,,4:16,,,,18,19:21,80 kg,
1612,Layon Martins Costa,Blackbelt CrossFit,,,,South America,Men,,130 kg,,80 kg,185 kg,,,3:45,,,,40,22:35,75 kg,
1613,Daniel Aguilar,CrossFit SFC,,"2023 open
106282nd
worldwide",106282nd,worldwide,Men,Men,255 lb,,195 lb,355 lb,,,4:45,5:50,,,,28:22,140 lb,
1625,Maximiliano Lugo,,,"2023 open
23369th
worldwide",23369th,worldwide,Men,Men,325 lb,,225 lb,415 lb,,,,,,,,,185 lb,
1654,Ivan Frolov,Sever CrossFit,,,,Asia,Men,,110 kg,,85 kg,150 kg,,,6:48,,12:12,,25,35:33,70 kg,
1666,Roland Bourges,CrossFit Calw,,"2023 open
20012th
worldwide",20012th,worldwide,Men,Men (40-44),120 kg,,80 kg,163 kg,,,,,,,12,22:11,55 kg,
1676,Charif Rabah,,,,,Asia,Men,,155 kg,,93 kg,175 kg,158,,,,,,,,73 kg,
1682,Travis Hillman,CrossFit Khrusos,,"2023 quarterfinals
784th
worldwide",784th,worldwide,Men,Men (40-44),,,,,,,3:44,,,,,,,
1683,Zach Frederick,TGH CrossFit,,"2023 quarterfinals
1045th
North America East",1045th,North America East,Men,Men,380 lb,,295 lb,,,,,,,,50,,240 lb,
1687,Phurithat Thanasansopon,,,,,Asia,Men,,285 lb,,,365 lb,,,7:59,,,,,26:10,,
1693,Vinicius Ramos,,,,,South America,Men,,440 lb,,242 lb,484 lb,,,2:56,2:36,,,29,22:55,208 lb,
1694,Jennifer Pardue,CrossFit Contrivance,,,,North America,Women,,,,,305 lb,,,2:13,,,,,,,
1719,Jorge Nahuel Soria,,,,,Latin America,Men,,220 lb,,155 lb,265 lb,,,,,,,,,110 lb,
1739,Asur Boutureira,CrossFit Do-Box,,"2023 quarterfinals
275th
worldwide",275th,worldwide,Men,Men (35-39),190 kg,,150 kg,215 kg,,,,,,,,,118 kg,
1750,Andreas Petterson,,,"2023 open
6005th
worldwide",6005th,worldwide,Men,Men (35-39),160 kg,,120 kg,220 kg,,,,,,,,,85 kg,
1755,Gaby Maliqilic,WP ZouHui CrossFit,,"2023 open
10633rd
worldwide",10633rd,worldwide,Men,Men (40-44),140 kg,,105 kg,180 kg,,,,,,,52,18:26,80 kg,0:58
1784,Mitchell Sasges,,,,,North West,Men,,275 lb,,176 lb,315 lb,,,,,13:34,,10,33:22,145 lb,1:58
1787,Jordan Proudfoot,CrossFit West Seattle,,"2023 open
4076th
worldwide",4076th,worldwide,Men,Men (35-39),320 lb,,245 lb,345 lb,,,3:29,3:24,9:13,,32,,201 lb,
1794,Macy Hicks,,,,,North America,Women,,240 lb,,185 lb,305 lb,318,,4:57,2:57,,,,,145 lb,
1813,Anita Toye,CrossFit Orwell,,,,United Kingdom,Women,,75 kg,,56 kg,95 kg,,,,,,,,,34 kg,
1835,Zak Stavrou,,,"2023 open
959th
worldwide",959th,worldwide,Men,Men (40-44),370 lb,,275 lb,435 lb,,,4:00,,,,,,215 lb,
1891,Sean Gilson,Edmond CrossFit,,,,North Central,Men,,305 lb,,185 lb,375 lb,,29:18,,7:38,12:09,,42,24:18,135 lb,
1901,Ramiro Jose Fagliano,WTC CrossFit,,"2023 open
1497th
worldwide",1497th,worldwide,Men,Men (45-49),115 kg,,75 kg,150 kg,272,,7:50,4:50,,,21,,50 kg,
1905,Mike Fontana,CrossFit Apollo,,"2023 quarterfinals
514th
worldwide",514th,worldwide,Men,Men (45-49),380 lb,,245 lb,415 lb,348,,2:37,2:45,8:45,,50,,165 lb,1:27
1906,Julian Matthews,3 Bros CrossFit,,,,,,,180 kg,,80 kg,180 kg,,,,,,,,,67 kg,
1908,Jason Comstock,,,,,,,,,,155 lb,,,,8:34,,,,,22:08,130 lb,
1914,Dennis Kaller,CrossFit Am Dom,,,,Europe,Men,,140 kg,,93 kg,175 kg,,,,3:32,,,30,20:10,75 kg,
1927,Kristen Santini,CrossFit PR Star,,"2023 open
5880th
worldwide",5880th,worldwide,Women,Women (40-44),180 lb,,125 lb,250 lb,,,,,,,,29:59,97 lb,1:45
1930,Ivean Williams,,,,,North America,Men,,397 lb,,205 lb,495 lb,202,,5:40,4:33,19:44,,,,155 lb,2:02
1942,Bronze Preraphat,CrossFit Ten500,,"2023 open
59601st
worldwide",59601st,worldwide,Men,Men,245 lb,,200 lb,330 lb,,,4:58,,,,,24:36,145 lb,
1955,Yunqing Gao,Stud CQ CrossFit,,"2023 open
33232nd
worldwide",33232nd,worldwide,Men,Men,170 kg,,123 kg,185 kg,,,4:40,2:26,,,45,18:40,97 kg,
1959,Cynthia Curinckx,CrossFit Geel,,,,Belgium,Women,,95 kg,,65 kg,113 kg,,,8:05,3:17,,,1,,48 kg,
1966,Benjamin Cabrie,La Harde CrossFit,,"2023 open
45899th
worldwide",45899th,worldwide,Men,Men,145 kg,,102 kg,190 kg,,,,,,,,,72 kg,
1971,Roy Zopfi,,,,,Europe,Men,,135 kg,,115 kg,195 kg,,,,,,,,,70 kg,
2004,Kim Wilson,,,,,,,,,,,,,,,,16:17,,,,,
2040,Randel Bolin,CrossFit Pistol Creek,,,,North America East,Men (60-64),,405 lb,,235 lb,415 lb,,,6:38,3:40,16:30,,,,185 lb,
2070,Fahad Al Haroon,CrossFit Quwwa,,"2023 open
126020th
worldwide",126020th,worldwide,Men,Men,330 lb,,180 lb,475 lb,,,9:23,,14:11,,27,32:00,190 lb,
2098,Eugenia Cano Montes,CrossFit Complex,,"2023 open
3175th
worldwide",3175th,worldwide,Women,Women (35-39),235 lb,,175 lb,225 lb,,,,,,,,,125 lb,
2099,Leonardo Oliveira,CrossFit BH,,,,South America,Men,,255 lb,,205 lb,305 lb,,,,,,,,,165 lb,
2110,Brock Murray,Blue Swarm CrossFit,,"2023 open
9044th
worldwide",9044th,worldwide,Men,Men (40-44),345 lb,,183 lb,415 lb,,,,,,,,,165 lb,
2117,Ori Fakliro,CrossFit White City,,"2023 open
13680th
worldwide",13680th,worldwide,Men,Men (35-39),183 kg,,110 kg,195 kg,265,,4:37,2:54,11:40,,,25:12,75 kg,1:45
2126,Stephen Roberts,CrossFit Gonzo,,"2023 open
9974th
worldwide",9974th,worldwide,Men,Men,455 lb,,300 lb,545 lb,,,2:26,1:46,8:28,,30,20:46,225 lb,1:03
2127,David FauntLeRoy,,,,,North America,Men,,405 lb,,315 lb,550 lb,,,,,,,,,230 lb,
2146,Keith Knapp,CrossFit Fairfield,,"2023 open
3506th
worldwide",3506th,worldwide,Men,Men (35-39),365 lb,,265 lb,465 lb,373,,2:24,,7:15,,82,17:55,200 lb,0:58
2158,Steve Feeney,,,,,,,,300 lb,,,,,,,,,,,,,
2205,Anna Jurasic,,,,,,,,50 kg,,,75 kg,,,,,,,,26:00,,
2207,Bailey Leffler,Freedom Pointe CrossFit,,,,North America,Women,,255 lb,,205 lb,275 lb,,,,,,,,,160 lb,
2238,Antonio Lara,,,,,,,,,,,,,,,,,,23,21:00,,
2250,Julien Borelli,CrossFit Montelimar,,,,Europe South,Men,,160 kg,,120 kg,200 kg,,,,3:40,,,49,,105 kg,
2266,Tyler Bouchard,,,,,,,,405 lb,,275 lb,405 lb,,,3:57,1:50,,,,,225 lb,
2286,Zackery Adams,CrossFit Hard Knox,,,,United States,Men,,395 lb,,300 lb,495 lb,323,,3:56,2:21,,,,,250 lb,1:09
2297,Franco Rebule,,,"2023 quarterfinals
95th
South America",95th,South America,Men,Men,175 kg,,135 kg,200 kg,,,3:01,3:27,,,,,100 kg,
2312,Marc Matta,CrossFit Original Addicts,,"2023 open
117724th
worldwide",117724th,worldwide,Men,Men,140 kg,,100 kg,165 kg,,,,2:32,,,60,,,
2348,James Vernau,Wandsworth District CrossFit,,,,Europe,Men,,,,,,,,,,,,,15:36,,0:53
2378,Eric Pollica,,,,,United States,Men,,325 lb,,185 lb,465 lb,,,,,,,13,,135 lb,
2401,Tajh Madison,CrossFit Funky,,,,North America,Men,,375 lb,,265 lb,500 lb,339,,4:09,2:38,8:36,,50,29:13,195 lb,1:18
2432,Antonio Canesso,CrossFit Greyskull,,"2023 open
73883rd
worldwide",73883rd,worldwide,Men,Men,150 kg,57:11,105 kg,150 kg,,,,,,,,25:53,87 kg,
2434,Matthew Lips,CrossFit Clay Center,,,,North America,Men,,410 lb,,275 lb,455 lb,,,3:30,,,,30,,215 lb,
2449,Ryan Lynn,,,,,,,,215 lb,,135 lb,305 lb,,,,,,,,,95 lb,1:30
2453,Vincent Kruse,,,,,Europe,Men,,,,70 kg,120 kg,,,,,,,15,,55 kg,
2456,Zhanhao Zhang,,,,,,,,180 kg,,100 kg,200 kg,,,,,,,,,85 kg,
2459,Blake Adams,CrossFit Ocean Beach,,,,North America West,Men,,385 lb,,265 lb,510 lb,,,,,,,22,21:43,200 lb,
2494,Ventura Bruno,The Bakery CrossFit,,"2023 open
18796th
worldwide",18796th,worldwide,Men,Men,150 kg,,120 kg,220 kg,,,,,,,,,88 kg,
2506,Whitney Kriete,CrossFit Kinston,,"2023 open
6779th
worldwide",6779th,worldwide,Women,Women (35-39),275 lb,,140 lb,370 lb,,,,2:54,,,,,120 lb,
2555,Damien Ennis,,,,,,,,150 kg,,100 kg,205 kg,,,7:20,4:50,,,,,60 kg,
2567,Brady Stein,White Knights CrossFit,,,,United States,Men,,365 lb,,275 lb,455 lb,,28:40,3:34,3:08,,,54,,210 lb,1:34
2569,Yong Cheol Kim,,,,,Asia,Men,,320 lb,,140 lb,360 lb,,,,,,,20,,115 lb,
2593,Delso Lopez,,,,,South America,Men,,335 lb,,260 lb,365 lb,,,3:45,,,,51,19:21,230 lb,
2614,Jon Cobb,CrossFit Arsenal,,,,North America,Men,,,,245 lb,455 lb,,,,2:13,,,43,,185 lb,
2618,Ethan Hensley,All In CrossFit,,"2023 quarterfinals
1175th
North America East",1175th,North America East,Men,Men,,,280 lb,,,,,,7:42,,,16:42,225 lb,0:58
2623,Jackson Midtlien,CrossFit Kingfield,,,,North America,Men,,400 lb,,250 lb,450 lb,352,24:21,3:40,,,,80,,200 lb,
2626,Gabriela Lopez,CrossFit Shear Force,,,,South East,Women,,205 lb,,120 lb,200 lb,238,,,7:11,12:24,,,31:15,90 lb,
2634,David Noble,,,,,North America West,Men,,335 lb,,225 lb,455 lb,,,3:27,,,,,19:07,165 lb,1:04
2641,Abdullah Khatrhan,,,"2023 open
30920th
worldwide",30920th,worldwide,Men,Men,,,,,,,2:55,,,,,23:00,,
2671,Hugo Lanteigne,,,,,North America East,Men,,335 lb,,265 lb,405 lb,,,,,,,,23:00,215 lb,
2673,Alejandro Gonzalez,CrossFit Warrior Legion,,,,South America,Men,,415 lb,,275 lb,455 lb,,,3:27,,,,,21:05,215 lb,
2680,Narda González,,,"2023 quarterfinals
471st
North America West",471st,North America West,Women,Women,275 lb,,185 lb,315 lb,,,,,,,,26:12,145 lb,
2689,Pedro Tulio Ortiz Ferreira,CrossFit Matriz,,,,Brazil,Men,,255 lb,,255 lb,,,,3:45,,,,,,225 lb,
2710,Matt LeCraw,CrossFit Team Offutt Tactical Fitness,,,,North America,Men,,315 lb,,235 lb,365 lb,,,4:27,,,,19,17:36,205 lb,1:04
2712,Danny Mitchell,,,,,South West,Men,,350 lb,,,375 lb,,,,,,,,,,
2722,Jaden Banks,CrossFit Barbell Battalion,,,,Central East,Men,,220 lb,,175 lb,350 lb,,,,,,,20,38:41,105 lb,
2726,Evan Gavin,,,,,Mid Atlantic,Boys (14-15),,245 lb,,,305 lb,,,,,,,10,,,
2730,Zachary Fiorey,,,,,United States,Men,,345 lb,,265 lb,425 lb,,,,,,,,23:18,195 lb,
2734,Javier Galan,CrossFit Trivium,,"2023 open
6452nd
worldwide",6452nd,worldwide,Men,Men,505 lb,,355 lb,550 lb,,,2:04,1:18,,,72,,285 lb,
2749,Sina Chambless,CrossFit Barbell Republic,,,,North America,Women,,155 lb,,95 lb,195 lb,,,,,,,,,75 lb,1:25
2769,Markus Buerkle,CrossFit Calw,,"2023 open
1340th
worldwide",1340th,worldwide,Men,Men (35-39),160 kg,,100 kg,160 kg,,,,,,,15,19:00,85 kg,1:00
2777,Sebastian Foehrig,,,,,,,,,,,200 kg,,,,,,,,,,
2794,Kosta Traht,CrossFit Via Maris,,,,Israel,Men,,110 kg,,72 kg,172 kg,,,,,,,,32:00,50 kg,
2801,Michele Altavilla,CrossFit Heliaca,,,,Europe Central,Men,,115 kg,,85 kg,180 kg,,,7:26,,,,,,45 kg,
2812,Bo Helleskov,,,,,,,,90 kg,,62 kg,127 kg,,,,,,,,,54 kg,
2825,Troy Byrom,CrossFit Strong Heart,,"2023 quarterfinals
115th
worldwide",115th,worldwide,Men (65+),Men (65+),275 lb,,175 lb,315 lb,209,40:47,,,,,,,110 lb,1:46
2844,Nickolaj Orthmann Andersen,HCA CrossFit,,,,Europe,Men,,140 kg,,115 kg,170 kg,,,,,,,,,100 kg,
2845,Cesar Toledo,,,"2023 open
9600th
worldwide",9600th,worldwide,Men,Men (35-39),145 kg,,106 kg,365 lb,,,5:55,4:24,,,37,,78 kg,
2860,Vinicius Mariano,,,,,Latin America,Men,,166 kg,,120 kg,194 kg,,,2:51,3:28,,,52,,100 kg,1:08
2897,Alexander Solares,,,,,North America,Men,,405 lb,,305 lb,495 lb,,,,,,,,,225 lb,
2910,Paul Hammer,,,,,North America,Men,,,,245 lb,,,,,,,,,,200 lb,
2915,Erika Johansson,CrossFit Västkusten,,,,Europe,Women,,90 kg,,58 kg,130 kg,,,,,,,6,26:00,44 kg,
2926,Katja Worbis,R2 CrossFit,,"2023 open
14654th
worldwide",14654th,worldwide,Women,Women (35-39),105 kg,,80 kg,135 kg,197,,9:28,,,,,,60 kg,
2930,Ange Koelf,L'arène CrossFit Nakama,,,,Europe,Men,,143 kg,,100 kg,170 kg,,,3:17,,,,,,80 kg,
2938,Thomas Steimann,,,,,Europe,Men,,120 kg,,,145 kg,,,,,,,,,60 kg,
2948,Anthony Bartlett,Iron Body CrossFit,,"2023 open
1796th
worldwide",1796th,worldwide,Men,Men (50-54),165 kg,,115 kg,220 kg,,,,2:07,,,,,100 kg,
2950,Iain Goulding,Yellow Belly CrossFit,,"2023 open
947th
worldwide",947th,worldwide,Men,Men,195 kg,,143 kg,235 kg,,,,,,,,19:28,102 kg,
2957,Fabio Toffoli,Real Box CrossFit,,,,Europe,Men,,165 kg,,110 kg,200 kg,,,,,,,,,100 kg,
2963,Mikaela Rodgers,,,,,Canada East,Women,,160 lb,,125 lb,215 lb,,,,,,,,,115 lb,
3006,Lorenzo Filoni,CrossFit Chiva,,,,Spain,Men,,170 kg,,105 kg,170 kg,,,3:58,2:34,,,,,80 kg,1:05
3011,Nathan Campbell,CrossFit Ransom,,,,North America,Men,,405 lb,,235 lb,420 lb,,,,,,,,,,
3029,Pablo Enriquez,CrossFit Mill Street,,,,United States,Men,,265 lb,,225 lb,405 lb,,,,,,,,,160 lb,
3042,Nicolas Rey,ACTV 3415 CrossFit,,"2023 open
15035th
worldwide",15035th,worldwide,Men,Men,110 kg,,90 kg,130 kg,,,,4:48,,,,,72 kg,
3061,Juan Lopez,,,,,South America,Men,,315 lb,,215 lb,405 lb,,,,,,,,,185 lb,
3064,Yasmeen Al-Ashi,CrossFit Alioth,,,,Asia,Women,,180 lb,,115 lb,220 lb,,,,,,,,,80 lb,
3080,Kriss Larcin,CrossFit Tournai,,,,Belgium,Men,,140 kg,,110 kg,180 kg,,,2:45,,,,,,90 kg,
3082,Anabela Lobo Costa,,,"2023 open
2942nd
worldwide",2942nd,worldwide,Women,Women (35-39),140 kg,,80 kg,155 kg,,,,,,,,24:56,60 kg,
3102,Simon Long,CrossFit Fort Vancouver,,,,United States,Men,,300 lb,,195 lb,325 lb,,36:06,8:27,,10:29,,19,25:18,145 lb,
3106,Mario Delgado,,,,,South Central,Men,,255 lb,,190 lb,285 lb,,,,,,,,,145 lb,
3113,Anthony Peace,,,,,United States,Men,,,,,445 lb,,,5:35,,,,,17:32,,0:50
3134,Moeino Mana,CrossFit Bro Waroch,,,,Europe South,Men,,140 kg,,116 kg,200 kg,,,3:54,,,,40,18:00,85 kg,1:18
3142,Easton Meadows,,,"2023 quarterfinals
413th
North America West",413th,North America West,Men,Men,365 lb,,315 lb,515 lb,,,3:30,,,,40,,275 lb,
3156,Austin Curfman,CrossFit Kilo II,,"2023 quarterfinals
757th
North America West",757th,North America West,Men,Men,470 lb,,319 lb,505 lb,,,2:19,1:48,,,45,21:20,225 lb,
3176,Cairo Augusto,CrossFit Crown III,,,,South America,Men,,155 kg,,100 kg,200 kg,,,,,,,,,70 kg,
3181,Nolan Pedrick,,,"2023 quarterfinals
167th
North America East",167th,North America East,Men,Men,435 lb,,315 lb,555 lb,,,3:00,,,,43,21:30,225 lb,0:58
3190,Erik King,CrossFit Dark Side,,,,United States,Men,,235 lb,,195 lb,335 lb,,,10:48,4:36,10:17,,,,160 lb,
3233,Jamie Preece,CrossFit Chippenham,,"2023 open
9103rd
worldwide",9103rd,worldwide,Men,Men,200 kg,,142 kg,250 kg,,26:34,3:15,1:42,,,32,20:13,116 kg,0:55
3251,Aymeric Petel,CrossFit Fréjus,,"2023 open
13105th
worldwide",13105th,worldwide,Men,Men,165 kg,,115 kg,170 kg,,,2:35,,,,60,15:30,95 kg,
3286,Dmytro Mikhu,CrossFit Mokotow,,"2023 quarterfinals
123rd
Europe",123rd,Europe,Men,Men,180 kg,,140 kg,200 kg,,,2:16,,,,50,19:40,110 kg,1:02
3290,Aaron Flood,,,,,,,,365 lb,,255 lb,410 lb,302,,,,,,,,,1:30
3297,Joffrey Varkevisser,CrossFit PBF,,,,Europe,Men,,170 kg,,110 kg,220 kg,344,23:41,,3:08,,,27,23:28,90 kg,
3302,Eric Laflamme,CrossFit de l'ouest,,,,North America East,Men,,325 lb,,285 lb,405 lb,,,2:46,,,,41,,205 lb,
3310,Aaron Stewart,CrossFit Pickering,,"2023 open
6788th
worldwide",6788th,worldwide,Men,Men (45-49),335 lb,,195 lb,410 lb,270,40:22,6:11,4:57,,,,24:51,135 lb,
3313,Stephanie Sticca,CrossFit Stamford,,"2023 quarterfinals
1383rd
North America East",1383rd,North America East,Women,Women,215 lb,,,300 lb,,,,,,,,,132 lb,
3333,Vasiliy Kotenev,,,,,Asia,Men,,150 kg,,115 kg,170 kg,,,,,,,,,100 kg,
3345,Julien Morosini,CrossFit Littoral,,"2023 open
16132nd
worldwide",16132nd,worldwide,Men,Men (35-39),160 kg,,110 kg,170 kg,254,,7:29,3:03,,,,28:50,85 kg,
3355,Sam Roche,,,,,Europe,Men,,155 kg,,100 kg,200 kg,,,,,,,,,70 kg,
3375,Mitch Rider,CrossFit 30549,,,,South East,Men,,385 lb,,280 lb,400 lb,,,,2:43,,,,,205 lb,
3388,Griffin Feinberg,Full Range CrossFit (departed),,"2023 open
51408th
worldwide",51408th,worldwide,Men,Men,405 lb,,275 lb,405 lb,,,,3:13,,,,,215 lb,
3396,Jennifer Flowers,CrossFit REP,,,,North America West,Women,,180 lb,,130 lb,230 lb,218,,,,,,,32:46,90 lb,
3415,Moreno Matani,CrossFit Albenga,,,,Europe,Men,,150 kg,,125 kg,190 kg,,,,2:48,,,,24:50,95 kg,
3436,Kathleen Bilbow,CrossFit Drums,,"2023 quarterfinals
393rd
worldwide",393rd,worldwide,Women,Women (45-49),217 lb,,160 lb,255 lb,,,3:41,,,,,,110 lb,
3438,Vaios Daniiloudis,,,,,,,,180 kg,,,220 kg,,,,,,,,,,
3471,Ettore Franceschini,CrossFit Tetuka,,,,Indonesia,Men,,100 kg,,90 kg,150 kg,,,,,,,,,75 kg,
3473,Jadson Silva Lima,,,,,,,,160 kg,,100 kg,190 lb,,42:00,,,,,,,,
3490,Carl Russo,CrossFit Nine7,,,,North America,Men,,285 lb,,225 lb,405 lb,,,,,,,,,165 lb,
3547,Jessica Decker,CrossFit Lead,,"2023 open
4083rd
worldwide",4083rd,worldwide,Women,Women (40-44),175 lb,,125 lb,210 lb,284,30:18,6:36,3:55,11:38,,5,28:10,97 lb,1:25
3551,Tony Rushing,CrossFit Catawba Valley,,,,North America,Men,,305 lb,,225 lb,335 lb,241,,5:09,3:17,10:35,,,,200 lb,
3586,Nick Bromilow,,,"2023 open
51922nd
worldwide",51922nd,worldwide,Men,Men,,,,210 kg,,,,,,,,,,
3593,Franciela Trevisol,,,"2023 open
866th
worldwide",866th,worldwide,Women,Women (40-44),100 kg,,93 kg,135 kg,,,,,,,,,67 kg,
3597,Benjamin Cole,CrossFit Xtra Mile,,,,United States,Men,,290 lb,,215 lb,326 lb,,,10:19,4:58,,,,,150 lb,1:58
3606,Ryan Olsen,CrossFit South Gowen,,"2023 open
2168th
worldwide",2168th,worldwide,Men,Men (50-54),305 lb,,185 lb,320 lb,,,3:42,4:45,11:33,,42,23:05,135 lb,
3608,Elsa Sausse,R CrossFit,,,,France,Women,,82 kg,,62 kg,102 kg,,,,,,,,29:17,47 kg,
3611,Sophie Warner,CrossFit Monarch Borough Parade,,"2023 open
1549th
worldwide",1549th,worldwide,Women,Women (45-49),85 kg,,65 kg,115 kg,,,,,,,,,45 kg,
3621,Adam Coric,CrossFit Conquest,,,,North America,Men,,420 lb,,315 lb,475 lb,498,,2:17,1:44,9:02,,,,245 lb,1:06
3667,Jason Lambert,CrossFit CHF,,"2023 open
26051st
worldwide",26051st,worldwide,Men,Men (35-39),235 lb,,185 lb,370 lb,,,,,,,,,105 lb,
3671,Drew Hargus,,,,,North West,Men,,385 lb,,225 lb,515 lb,,,,,,,,,175 lb,
3676,Eduardo Flores,CrossFit Queretaro,,,,North America,Men,,275 lb,,170 lb,405 lb,,,5:30,,,,30,,105 lb,
3705,Jaden Mannes,Rock CrossFit Paramaribo,,,,Suriname,Men,,375 lb,,250 lb,430 lb,303,,4:00,3:30,10:06,,50,,215 lb,
3722,Scott Freche,CrossFit Molesworth,,,,Europe Central,Men,,355 lb,,215 lb,375 lb,,,,2:11,,,,,155 lb,
3733,Stephen Bradshaw,,,,,United States,Men,,325 lb,,,420 lb,,,4:22,,,,,,,
3751,Adam Whitehead,CrossFit North Devon,,,,United Kingdom,Men,,155 kg,,100 kg,190 kg,,,,,,,20,,80 kg,
3754,Samuel Hollebeque,,,,,,,,,,,315 lb,,,,,,,,,145 lb,
3821,Raissa Colonisio Momesso,CrossFit Boqueirao,,"2023 open
20295th
worldwide",20295th,worldwide,Women,Women,255 lb,,,275 lb,,,4:50,,,,,,145 lb,1:40
3823,Scott Henderson,MMXVII CrossFit,,,,United Kingdom,Men,,140 kg,,108 kg,160 kg,,,,,,,7,,65 kg,
3840,Wagner Marcoli,CrossFit Camburi,,"2023 open
4238th
worldwide",4238th,worldwide,Men,Men (40-44),,,225 lb,352 lb,,,4:23,,,,,24:16,182 lb,
3882,Robert Medved,,,,,North America,Men,,360 lb,,225 lb,410 lb,312,31:05,5:36,4:51,10:41,,23,,165 lb,
3900,Aaron Cathcart-McKinnon,,,,,North America,Men,,565 lb,,365 lb,565 lb,,,2:43,,,,,,315 lb,
3935,Floyd Mund,CrossFit BRIO,,,,North America West,Men,,255 lb,,180 lb,390 lb,,,,,,,7,,155 lb,
3940,Patrick Vu,CrossFit GonZStronG,,,,North America West,Men,,355 lb,,255 lb,405 lb,,,,,,,50,,225 lb,
3942,Jonathan Contreras,CrossFit RedZone,,,,United States,Men,,385 lb,,255 lb,415 lb,,,4:50,,,,,,195 lb,
3947,Randy Thomas,,,,,Europe,Men,,140 kg,,,160 kg,,,,,,,,,,
3952,Alexey Pryanichnikov,,,,,Asia,Men,,125 kg,,100 kg,150 kg,,,,,,,,,75 kg,
3971,Driaan Nel,Red X CrossFit,,,,Africa Middle East,Men,,200 kg,,125 kg,235 kg,150,,10:00,3:33,17:25,,,,90 kg,
3978,David Steel,,,"2023 open
10802nd
worldwide",10802nd,worldwide,Men,Men (35-39),270 kg,,180 kg,260 kg,,,3:28,1:56,,,,,136 kg,
4051,Rodrigo De la Hoz,,,"2023 open
11624th
worldwide",11624th,worldwide,Men,Men (45-49),365 lb,,195 lb,385 lb,,,3:36,,,,,,165 lb,
4059,Miriska Harris,CrossFit Leo,,"2023 quarterfinals
127th
Africa",127th,Africa,Women,Women,125 kg,,85 kg,150 kg,,,,,,,10,29:30,66 kg,
4061,Danijela Domljanovic,Element CrossFit,,,,North America,Women,,135 lb,,,235 lb,,,,,,,,,,
4062,Ben Martin,,,"2023 open
78458th
worldwide",78458th,worldwide,Men,Men,350 lb,,245 lb,435 lb,305,29:50,,4:54,,,12,21:40,185 lb,1:16
4073,Josh Moses,CrossFit Thelo,,,,North America,Men,,420 lb,,315 lb,465 lb,,,,1:35,,,40,,225 lb,
4074,Oliver Goodchild,Celtic CrossFit,,,,Europe,Men,,120 kg,,75 kg,138 kg,,,,,,,,,53 kg,
4089,Jeremie Charron,Landmark CrossFit,,"2023 open
38897th
worldwide",38897th,worldwide,Men,Men,335 lb,,265 lb,405 lb,400,,2:46,2:14,,,45,5:58,210 lb,
4093,Darryl Bartholomew,,,,,South Central,Men,,405 lb,,285 lb,445 lb,,,,,,,,,205 lb,
4097,Mac DeCaprio,CrossFit ONE Nation,,"2023 open
6085th
worldwide",6085th,worldwide,Men,Men (35-39),365 lb,,255 lb,455 lb,325,24:22,4:42,3:18,9:20,,31,20:44,170 lb,
4149,Chris Donatell,CrossFit Rail Stop,,,,North America,Men,,445 lb,,275 lb,500 lb,308,26:42,3:33,2:12,10:06,,34,27:32,205 lb,1:08
4155,Erick Leal,,,,,,,,160 lb,,150 lb,260 lb,,,,,,,,,110 lb,
4185,Cristina Krein,CrossFit 630,,"2023 open
14967th
worldwide",14967th,worldwide,Women,Women (35-39),225 lb,,145 lb,265 lb,,,,,,,3,,126 lb,
4204,Enrique Vargas,,,"2023 quarterfinals
1332nd
worldwide",1332nd,worldwide,Men,Men (40-44),,,255 lb,,,,,,,,,,,
4230,Julio Gonzalez,,,,,South West,Men,,335 lb,,,425 lb,,,,,,,17,,,
4239,Hannah Black,CrossFit Jääkarhu,,"2023 semifinals
16th
worldwide",16th,worldwide,Women,Women,325 lb,,265 lb,400 lb,,,,,,,55,25:15,220 lb,
4247,Gabriel Magni,Raw Iron CrossFit,,"2023 open
4751st
worldwide",4751st,worldwide,Men,Men,182 kg,,150 kg,211 kg,,,3:43,1:49,,,68,24:04,112 kg,1:45
4248,Eduardo Hypolito,Grifo CrossFit,,"2023 open
30528th
worldwide",30528th,worldwide,Men,Men (35-39),150 kg,,110 kg,190 kg,,,,,,,22,29:08,85 kg,
4257,Guilherme Proto Martins,CrossFit Remo Rio Verde,,"2023 open
57382nd
worldwide",57382nd,worldwide,Men,Men,395 lb,,285 lb,475 lb,,,3:30,,,,24,,225 lb,
4281,Ole-Martin Carlsen,CrossFit Kystby,,,,Norway,Men,,180 kg,,110 kg,200 kg,,,4:53,,,,,,100 kg,
4285,Carlos Flores,CrossFit Ram,,,,Mexico,Men,,275 lb,,190 lb,325 lb,,55:00,10:56,5:24,,,18,30:00,140 lb,
4325,Juan Rivera,,,,,South America,Men,,330 lb,,245 lb,420 lb,,,,,,,50,19:30,207 lb,
4328,Geoffrey Guitton,CrossFit Hati,,"2023 open
40846th
worldwide",40846th,worldwide,Men,Men,125 kg,,105 kg,190 kg,,,5:02,,,,,,90 kg,
4330,Deborah Land,CrossFit Cumbria,,"2023 open
1474th
worldwide",1474th,worldwide,Women,Women (50-54),86 kg,,62 kg,110 kg,,,,,11:31,,5,,42 kg,
4349,Alessandro Brummel,,,,,South America,Men,,160 kg,,130 kg,200 kg,,,,,,,,25:00,112 kg,
4392,Sebastián Castellanos Durán,CrossFit Göttingen,,,,South America,Men,,143 kg,,83 kg,155 kg,,,9:37,5:55,11:47,,,,63 kg,
4436,Yevgeniy Meshcherekov,,,,,Canada West,Men,,315 lb,,175 lb,415 lb,284,,9:13,,10:55,,,,145 lb,
4442,Rafael Smith,CrossFit Pembrokeshire,,,,United Kingdom,Men (60+),,265 lb,,121 lb,291 lb,213,,7:53,,14:26,,13,,110 lb,
4454,Antonio Frazao,A20s Box CrossFit,,,,Europe South,Men,,125 kg,,65 kg,147 kg,,,,,,,,,50 kg,
4463,Maile Nelson,CrossFit SFP,,,,United States,Women (55-59),,185 lb,,,230 lb,,,,,,,21,20:42,80 lb,1:25
4523,Erik Brandt,CrossFit Cherry Creek,,,,North America,Men,,405 lb,,275 lb,455 lb,312,,2:43,2:48,8:23,,37,23:15,210 lb,
4529,Luis Gonzales,,,,,,,,285 lb,,205 lb,300 lb,,,,4:50,,,18,20:10,145 lb,
4546,Victor A. Melendez,,,,,,,,90 kg,,,110 kg,,,,,,,,,,
4547,Michael Kimble,CrossFit Proven,,,,North America,Men,,395 lb,,230 lb,415 lb,,,,,,,,,182 lb,
4594,Spenser Jarvis,VSAC CrossFit,,"2023 open
113961st
worldwide",113961st,worldwide,Men,Men,350 lb,,215 lb,400 lb,215,,11:36,5:54,15:01,,10,46:43,165 lb,
4606,Dean Trabanos,CrossFit Underway,,"2023 open
38649th
worldwide",38649th,worldwide,Men,Men,210 kg,,130 kg,250 kg,,,,,,,30,,95 kg,
4607,Kali Sims,Bionic CrossFit,,"2023 open
55815th
worldwide",55815th,worldwide,Women,Women,,,,,,,,,,,,,100 lb,
4613,Stefano Barbieri,CrossFit Team 059,,,,Europe,Men,,,,120 kg,180 kg,,,,,,,,,100 kg,
4632,Osamah Alsaihati,Interval Plus CrossFit,,,,Asia,Men,,,,,,,,,,,,,26:00,,
4633,Jonathan McLain,,,,,North America,Men,,395 lb,,265 lb,545 lb,274,27:17,5:19,5:15,,,30,25:46,165 lb,
4657,Alysse Reed,,,,,,,,105 lb,,95 lb,155 lb,,,,,,,,34:52,55 lb,
4677,David Casasnovas,C23 CrossFit,,"2023 quarterfinals
460th
Europe",460th,Europe,Men,Men,205 kg,,140 kg,234 kg,402,,2:37,2:05,,,,23:00,110 kg,
4703,Crystal Scott,CrossFit Valor,,,,North America East,Women,,155 lb,,135 lb,215 lb,,,6:45,5:03,13:50,,,,75 lb,
4725,Justin Breitling,T3B CrossFit,,,,United States,Men,,465 lb,,365 lb,585 lb,,,1:58,1:55,,,48,,275 lb,0:58
4736,James Anders,NewCov CrossFit,,,,United States,Men,,445 lb,,315 lb,460 lb,,,4:02,1:58,,,,,265 lb,1:32
4740,Tom Watts,179 CrossFit,,,,Europe,Men,,170 kg,,105 kg,225 kg,,,,,,,,,,
4744,Crystal Sweatt,CrossFit Asheboro,,,,North America,Women,,255 lb,,160 lb,285 lb,,,8:22,4:09,14:26,,,,125 lb,
4753,Dmitri Schrijnder,CrossFit Immaculate,,"2023 quarterfinals
759th
Europe",759th,Europe,Men,Men,163 kg,,130 kg,210 kg,,,,,,,,,101 kg,1:36
4759,Abdulla Alsuwaidi,CrossFit Al Ain,,"2023 open
26569th
worldwide",26569th,worldwide,Men,Men,365 lb,,305 lb,465 lb,,,2:26,,,,50,,230 lb,1:00
4795,Petr Šimoník,CrossFit Zlin,,,,Czechia,Men,,140 kg,,105 kg,180 kg,,,,,,,,,70 kg,
4817,Kristen Rioux,,,,,North America,Women,,,,,,,,,,,,3,9:40,90 lb,
4828,Ben Wallraf,CrossFit 3900 Box,,,,Europe,Men,,,,91 kg,,,,,,,,,23:34,78 kg,1:17
4832,Maikel Godlieb,CrossFit Flames XL,,"2023 open
1885th
worldwide",1885th,worldwide,Men (60-64),Men (60-64),110 kg,,60 kg,120 kg,,,,,,,,,,
4839,Steve Doane,CrossFit Melior,,,,North America,Men,,310 lb,,225 lb,360 lb,,,4:28,,,,28,21:21,170 lb,1:10
4910,Tom Marriott,CrossFit Northumbria,,,,United Kingdom,Men,,150 kg,,110 kg,200 kg,,,,,,,,,60 kg,
4950,Bryan McNamara,CrossFit KYBR,,"2023 open
7396th
worldwide",7396th,worldwide,Men,Men (45-49),385 lb,,265 lb,405 lb,,,,,,,,26:30,170 lb,
4955,Ryan Owen,CrossFit Wilson,,"2023 open
71945th
worldwide",71945th,worldwide,Men,Men,,,,505 lb,,,,,,,,,205 lb,
5005,Widmar Roman,CrossFit CSG,,"2023 quarterfinals
462nd
worldwide",462nd,worldwide,Men,Men (40-44),355 lb,,,405 lb,,,2:52,2:40,7:51,,,,,
5102,Kyle Hunnings,CrossFit Nitrous,,,,United States,Men,,395 lb,,225 lb,525 lb,333,,4:27,2:45,7:53,,,,165 lb,
5155,Priscila Ramos,CrossFit Saúde,,,,South America,Women,,110 kg,,80 kg,140 kg,,,,,,,,,55 kg,
5173,Meira Hauser,Dynamic Athletics CrossFit,,,,North East,Women,,260 lb,,90 kg,325 lb,,,,,,,,,160 lb,
5197,Misael Abonce,,,,,North America,Men,,405 lb,,285 lb,450 lb,,,,,,,,,225 lb,0:53
5229,Joseph Vokac,Hammer CrossFit East,,"2023 open
6989th
worldwide",6989th,worldwide,Men,Men,335 lb,,275 lb,455 lb,387,19:37,3:16,2:07,9:10,,35,,185 lb,0:58
5232,Mario Gómez Cervantes,,,,,South America,Men,,290 lb,,205 lb,390 lb,,,5:35,,,,,29:00,135 lb,
5243,Derek Bremer,,,,,,,,330 lb,,215 lb,405 lb,,,6:57,4:46,,,17,22:00,,
5268,Janell Saville,CrossFit Hoffman Estates,,,,North Central,Women,,262 lb,,180 lb,330 lb,,,,2:56,,,,,132 lb,
5301,Salomon Portillo,CrossFit Zoi,,"2023 open
6346th
worldwide",6346th,worldwide,Men,Men (40-44),365 lb,,215 lb,395 lb,,,3:10,,,,,,185 lb,
5317,Marcel Rappange,,,,,,,,130 kg,,86 kg,180 kg,,,,,,,,,60 kg,
5323,Alaa Abughaidah,,,,,Asia,Men,,150 kg,,70 kg,185 kg,,,,,,,8,25:11,53 kg,1:46
5333,Pablo Goveia,,,,,,,,140 kg,,104 kg,160 kg,,,,,,,30,,80 kg,
5353,Abigail Dyson,Sierra Lima CrossFit,,,,Europe,Women,,,,60 kg,100 kg,,,,,,,,,43 kg,
5376,Alexandra Richmond,,,,,,,,75 kg,,45 kg,80 kg,,,,,,,,,33 kg,
5414,Nick Salden,CrossFit Chippewa Falls,,"2023 quarterfinals
1739th
North America East",1739th,North America East,Men,Men,330 lb,,250 lb,400 lb,312,,3:54,3:07,8:43,,,23:51,185 lb,
5436,Remy van Os,,,,,,,,115 kg,,97 lb,155 kg,,,,5:26,,,,22:04,68 kg,
5452,Andrew Gunning,CrossFit New England,,"2023 open
14373rd
worldwide",14373rd,worldwide,Men,Men (35-39),335 lb,,225 lb,367 lb,,,6:21,,,,,19:11,185 lb,
5466,Dave Green,,,,,North America,Men,,315 lb,,275 lb,,,,,,,,,,200 lb,
5478,Robert Toupal,,,,,Croatia,Men,,140 kg,,110 kg,170 kg,,,,,,,,,85 kg,
5496,Mike Flaar,CrossFit KMC,,,,United States,Men,,410 lb,,270 lb,500 lb,299,,6:11,2:21,,,12,,195 lb,
5519,Jeremy Spencer,,,,,North America,Men,,375 lb,,205 lb,435 lb,294,30:35,5:23,3:35,13:42,,13,27:51,160 lb,1:36
5535,Carlos Pernambuco,,,,,South America,Men (55-59),,80 kg,,70 kg,130 kg,,,,,,,10,30:23,80 kg,
5541,Rós Kjartansdóttir,CrossFit Butcher's Lab,,"2023 open
12853rd
worldwide",12853rd,worldwide,Women,Women (40-44),55 kg,,,95 kg,,,,,,,,,,
5545,Gerhard Snyders,Skeleton Coast CrossFit,,"2023 open
8891st
worldwide",8891st,worldwide,Men,Men (45-49),100 kg,,60 kg,100 kg,,,,,,,9,25:00,,1:30
5583,Didier Van Endert,,,,,,,,165 kg,,115 kg,185 kg,,,,4:41,,,,,95 kg,
5597,Jorge Emanuel Rojas Merchant,,,,,North America,Men,,420 lb,,345 lb,455 lb,,,,2:36,,,,,250 lb,
5602,Fellipe Vurraro,CrossFit 5511,,,,South America,Men,,335 lb,,275 lb,475 lb,,,,,,,,,225 lb,
5611,Thomas W,CrossFit Brigade,,,,North America,Men,,425 lb,,285 lb,465 lb,,,,1:42,,,,,245 lb,1:03
5618,Jack Coleman,CrossFit Faber,,"2023 open
16836th
worldwide",16836th,worldwide,Men,Men,145 kg,,110 kg,200 kg,,,4:32,3:41,,,30,23:08,90 kg,
5636,Francisco Carvalho,,,,,Europe,Men,,155 kg,,105 kg,180 kg,330,,4:10,2:55,8:40,,24,,83 kg,1:16
5644,Loren Boccanfuso,,,,,Canada East,Women,,215 lb,,160 lb,285 lb,,,,,,,,,125 lb,
5649,Ethan Biddle,CrossFit 2147,,,,Australia,Men,,150 kg,,120 kg,200 kg,,,,,,,,,100 kg,1:30
5663,Andy Tuck,,,,,Europe,Men,,60 kg,,60 kg,120 kg,,,,5:45,,,,23:44,50 kg,
5692,Andrew Goyet,,,,,North America,Men,,260 lb,,190 lb,305 lb,,,,4:46,,,,31:00,125 lb,
5697,Andre Araujo,CrossFit Waya,,,,South America,Men,,345 lb,,210 lb,455 lb,,,,,,,,,165 lb,
5704,Nathan King,EHP CrossFit,,"2023 open
6907th
worldwide",6907th,worldwide,Men,Men (40-44),365 lb,,255 lb,525 lb,,,,,,,25,,205 lb,
5711,Curtis Parkhurst,CrossFit Cerberus,,,,North America,Men,,345 lb,,255 lb,400 lb,277,,4:15,,10:06,,,,200 lb,
5715,Arturo Neuman,CrossFit Central London,,,,Europe,Men,,120 kg,,83 kg,165 kg,,,,,,,,,72 kg,
5747,Ville Pohjonen,CrossFit Bulsa,,,,Europe,Men,,150 kg,,90 kg,180 kg,,,7:03,,,,7,,70 kg,
5757,Jose Maria Albaladejo Da Silva,,,,,,,,130 kg,,,190 kg,,,,,,,,,75 kg,
5770,David Issa,CrossFit Drummoyne,,,,Australia,Men,,,,,,,,3:17,,8:33,,,,,
5877,Robert Sulzer,PUSH Box CrossFit,,"2023 open
14910th
worldwide",14910th,worldwide,Men,Men (40-44),,,195 lb,315 lb,,,,,,,,,,
5892,William DeWalt,Neuse River CrossFit,,,,North America,Men Lower Extremity,,360 lb,,255 lb,415 lb,,,8:35,2:03,12:47,,,27:00,200 lb,
5905,Mark Zerby,,,,,,,,,,,295 lb,,,,,,,,,,
5917,Andrew Rains,,,,,,,,425 lb,,300 lb,455 lb,,,2:36,,,,,,230 lb,
5949,Jonatas Aguiar,Cavaleiros CrossFit,,,,South America,Men,,120 kg,,90 kg,180 kg,,,3:55,,,,30,,70 kg,
6009,Nick Owens,,,,,North America East,Men,,425 lb,,285 lb,525 lb,,,6:51,1:59,,,,,215 lb,
6013,William Keating,,,,,Mid Atlantic,Men,,225 lb,,135 lb,275 lb,,,,,,,,,115 lb,
6032,Michael Ross,,,,,North America,Men,,405 lb,,285 lb,450 lb,356,,3:40,,9:26,,,,215 lb,
6056,Stephen Young,,,,,North America East,Men,,265 lb,,165 lb,300 lb,,,,,,,,,125 lb,
6085,Faith Dawson-Myers,,,,,South East,Women,,165 lb,,135 lb,255 lb,,,,,,,,,115 lb,
6110,Alex Garcia,,,,,,,,385 lb,,,425 lb,,,,,,,,,,
6136,Steven Asher,CrossFit Christchurch,,"2023 open
14444th
worldwide",14444th,worldwide,Men,Men (40-44),190 kg,,110 kg,210 kg,266,,8:04,,12:11,,,,70 kg,1:41
6153,Jeremy Ramos,Searcy CrossFit,,,,United States,Men,,410 lb,,250 lb,465 lb,,,,2:12,,,,,165 lb,
6155,Luis Armando Gil,,,"2023 open
37584th
worldwide",37584th,worldwide,Men,Men,305 lb,,245 lb,415 lb,,,,,,,,,205 lb,
6179,Gilbert Lopez,,,,,North America West,Men,,415 lb,,265 lb,445 lb,,26:42,,,,,,,205 lb,
6183,Angela Smith,CrossFit Adrenaline,,,,United States,Women,,220 lb,,125 lb,240 lb,,,4:23,3:42,14:28,,,,95 lb,2:22
6215,Atli Jóhannsson,,,,,Europe,Men,,103 kg,,78 kg,125 kg,,,,,,,,,73 kg,19:45
6233,Ramon L Garcia,,,,,North America,Men (60-64),,265 lb,,155 lb,275 lb,,,,,,,16,28:34,145 lb,
6253,Ivo Neves,,,,,Europe,Men,,135 kg,,85 kg,160 kg,,,,,,,,,65 kg,
6277,Greg Blott,CrossFit Nancy,,,,Europe,Men,,130 kg,,100 kg,154 kg,,,,3:55,,,,,72 kg,
6279,Hans-Dieter Zimmer,CrossFit Trier,,,,Europe Central,Men,,90 kg,,50 kg,160 kg,,,,,,,,24:00,50 kg,1:08
6288,Amanda Potts,,,,,North America,Women,,165 lb,,75 lb,195 lb,,,,,,,,,85 lb,
6308,Geoff Moore,CrossFit High Gear,,"2023 open
7820th
worldwide",7820th,worldwide,Men,Men (45-49),280 lb,,200 lb,350 lb,,,6:50,,,,,,155 lb,1:10
6343,Benjamin Murphy,Rocktown CrossFit,,"2023 open
30394th
worldwide",30394th,worldwide,Men,Men,315 lb,,235 lb,425 lb,,,3:41,,,,42,22:45,185 lb,
6353,Alexi Fair,CrossFit Bangarang,,,,North America,Women,,260 lb,,190 lb,285 lb,,,3:57,,,,16,,156 lb,
6365,Jer'Monn Abraham,,,,,South East,Men,,,,,460 lb,,,,,,,,,,
6374,Brian Davis,CrossFit Garage,,,,North America,Men,,425 lb,,300 lb,505 lb,,,5:58,4:59,11:09,,20,,225 lb,1:25
6384,Chris Hilkey,CrossFit Roseburg,,,,North America,Men,,325 lb,,225 lb,425 lb,195,,3:53,2:45,15:13,,26,,,1:28
6386,Emily d'Entremont,Breaker CrossFit,,"2023 open
97834th
worldwide",97834th,worldwide,Women,Women,185 lb,,150 lb,205 lb,,,7:22,5:22,11:20,,9,33:00,125 lb,
6398,Anne Johnson,CrossFit Osiris,,,,North America West,Women,,170 lb,,135 lb,240 lb,,,,,,,,,110 lb,
6403,Esther Dugas,CrossFit Vaudreuil,,,,Canada,Women,,250 lb,,175 lb,285 lb,307,27:00,5:15,3:10,9:44,,12,25:00,140 lb,
6433,Gerard Cabrera,CrossFit WcG,,"2023 open
2874th
worldwide",2874th,worldwide,Men,Men (50-54),275 lb,,215 lb,375 lb,,,,,,,,,155 lb,
6500,Samantha Ulrich,Stroud CrossFit,,"2023 open
36103rd
worldwide",36103rd,worldwide,Women,Women,230 lb,,143 lb,265 lb,,,,,,,,,95 lb,
6516,Randall Gorman,Catahoula CrossFit,,,,United States,Men,,345 lb,,255 lb,405 lb,185,32:30,7:51,3:58,,,15,,185 lb,1:41
6517,Helen Schott,CrossFit Pyro,,"2023 open
1300th
worldwide",1300th,worldwide,Women,Women (35-39),315 lb,,195 lb,315 lb,407,21:27,3:20,1:54,8:13,,,23:37,145 lb,
6533,Andrew Rhodeman,CrossFit Signal Hill,,"2023 open
40151st
worldwide",40151st,worldwide,Men,Men,385 lb,,225 lb,415 lb,,,,2:36,,,15,23:15,155 lb,0:55
6543,Mai Matbouli,,,,,Africa Middle East,Women,,60 kg,,40 kg,80 kg,,,,,,,6,,25 kg,
6559,Rasmus Munk,,,,,Europe,Men,,150 kg,,105 kg,205 kg,,,5:17,,,,,,75 kg,
6563,William Chang,CrossFit Zing,,,,North America,Men,,,,,345 lb,,,,,,,,,,
6581,Luke Duran,CrossFit Haymount,,"2023 open
7883rd
worldwide",7883rd,worldwide,Men,Men (35-39),405 lb,,275 lb,455 lb,,,1:59,3:00,,,23,21:29,185 lb,
6592,Keith Scaggs,,,,,United States,Men,,415 lb,,215 lb,505 lb,,,,,,,,,185 lb,
6613,Garrett Morris,,,"2023 quarterfinals
808th
North America East",808th,North America East,Men,Men,400 lb,,315 lb,465 lb,375,,2:20,2:20,,,60,21:06,225 lb,
6651,Marissa Estep,CrossFit Reignited ILM,,,,United States,Women,,225 lb,,150 lb,275 lb,,,3:29,,,,,,105 lb,
6652,Lonnie Wright,CrossFit Inversion,,"2023 open
1478th
worldwide",1478th,worldwide,Men,Men (50-54),285 lb,,188 lb,375 lb,265,,4:26,4:59,10:47,,,23:30,150 lb,1:26
6662,Megan Edwards,S3E CrossFit,,,,United States,Women,,200 lb,,133 lb,278 lb,,,5:06,7:49,9:31,,,20:00,93 lb,1:07
6669,Emil Frisell,,,,,Europe,Men,,155 kg,,110 kg,160 kg,,,,,,,,,80 kg,
6689,Alison Webb,Back 2 Back CrossFit,,,,United States,Women,,295 lb,,200 lb,345 lb,,,,,,,,,165 lb,
6702,Reanne Francis,CrossFit Leeds,,"2023 open
11523rd
worldwide",11523rd,worldwide,Women,Women,110 kg,,85 kg,145 kg,,,,3:23,,,,22:11,58 kg,
6703,April Martin,,,,,,,,210 lb,,145 lb,315 lb,354,,,,,,,,125 lb,
6714,Celine Meissan,ELJI CrossFit,,,,Europe,Women,,82 kg,,60 kg,123 kg,244,,,4:08,,,,,48 kg,
6719,Arjan Spring In 't Veld,CrossFit TREE11,,,,Netherlands,Men,,150 kg,,120 kg,200 kg,,,,,,,,,,
6723,Vanessa Struckl,Wohali CrossFit,,,,South America,Women,,125 kg,,76 kg,165 kg,,,,,,,33,,55 kg,
6730,Kev Booth,,,,,,,,190 kg,,110 kg,220 kg,,,,,,,20,,70 kg,
6757,Daniel Schoeckel,,,,,Germany,Men,,150 kg,,120 kg,200 kg,,,,,,,,,98 kg,
6759,Adam Blake,,,,,,,,180 kg,,120 kg,170 kg,,,,4:24,,,,,90 kg,
6785,Justin Jacobson,CrossFit Defined,,,,North America,Men,,425 lb,,305 lb,485 lb,,,4:15,,,,,25:38,240 lb,1:39
6807,Niels Allerup,CrossFit Mobilus Chinatown,,,,Europe,Men,,130 kg,,110 kg,170 kg,,,,,,,,,77 kg,
6808,Robin Venneman,CrossFit Gent,,,,Europe Central,Men,,140 kg,,108 kg,190 kg,,,3:21,,,,,,85 kg,
6844,Paulo Filho,CrossFit Okanagan,,,,South America,Men,,145 kg,,110 kg,200 kg,,,4:56,2:42,,,21,22:36,82 kg,
6863,Marvin Pach,RedHawk CrossFit,,,,Europe,Men,,135 kg,,105 kg,191 kg,,26:01,,,,,15,17:43,83 kg,0:52
6877,Melanie Labaune,LC CrossFit,,"2023 open
759th
worldwide",759th,worldwide,Women,Women (40-44),96 kg,,75 kg,130 kg,,,4:54,3:01,,,,,53 kg,
6889,Jonas Nielsen,,,,,,,,120 kg,,,185 kg,,,,,,,,,,
6964,Tom Bielich,CrossFit IOM,,,,United Kingdom,Men,,160 kg,,100 kg,170 kg,,,3:42,,,,,17:00,80 kg,0:53
6989,Sander Reedijk,CrossFit Hilversum,,"2023 open
30012th
worldwide",30012th,worldwide,Men,Men,161 kg,,125 kg,180 kg,,,,,,,,,100 kg,
7003,Sandra Klit,,,,,,,,,,,125 kg,,,,,,,,35:25,,
7018,Paul Robra,CrossFit Magdeburg,,,,Europe,Men,,110 kg,,80 kg,140 kg,,,5:20,4:28,,,11,,60 kg,
7069,Marco Antonio Santos Lopez,CrossFit Barrio,,,,Central America,Men,,220 lb,,145 lb,255 lb,,,,,,,10,31:24,115 lb,1:45
7082,Brett Hoffer,Salty Hive CrossFit,,"2023 open
34324th
worldwide",34324th,worldwide,Men,Men,330 lb,,250 lb,405 lb,,,4:30,3:44,9:40,,30,24:48,220 lb,1:14
7083,Mark Sanders,,,,,North East,Men,,345 lb,,185 lb,375 lb,,,,,,,,,,
7104,Heather Dearing,Butchertown CrossFit,,"2023 open
5750th
worldwide",5750th,worldwide,Women,Women (45-49),230 lb,,155 lb,285 lb,211,,10:51,3:21,12:50,,3,,135 lb,
7124,Maria Cervantes,JOMO CrossFit,,,,United States,Women,,195 lb,,120 lb,305 lb,,,7:41,,,,,,95 lb,
7166,Travis Blank,,,,,Mid Atlantic,Men,,315 lb,,205 lb,415 lb,,,,3:14,,,,,135 lb,
7167,Woohyeon Bang,CrossFit RoofTop,,,,"Korea, Republic of",Men,,345 lb,,,495 lb,,,,,,,,,,
7174,Erik Kuhlmann,,,,,North America,Men,,350 lb,,150 lb,365 lb,,,6:08,,,,,29:55,135 lb,
7193,Ken Gornick,Pueblo CrossFit Home of Heroes,,"2023 open
1595th
worldwide",1595th,worldwide,Men (55-59),Men (55-59),,,,,,,,,,,,37:39,,
7202,Conner Bright,CrossFit Perception,,"2023 open
38265th
worldwide",38265th,worldwide,Men,Men,315 lb,,225 lb,315 lb,,,4:57,5:11,8:49,,,,180 lb,1:08
7219,Virginia Smith,,,"2023 open
90000th
worldwide",90000th,worldwide,Women,Women,180 lb,,145 lb,255 lb,,,,,,,,,105 lb,
7226,Gavin Donald,CrossFit Shire,,"2023 open
11276th
worldwide",11276th,worldwide,Men,Men (35-39),140 kg,,95 kg,162 kg,,23:09,,5:50,10:28,,,20:58,70 kg,
7237,Daniel Richmond,CrossFit MSQD,,"2023 open
6812th
worldwide",6812th,worldwide,Men,Men (35-39),125 kg,,110 kg,170 kg,324,,4:15,2:10,10:05,,21,,85 kg,
7239,Matt Souply,CrossFit Hiringa,,,,France,Men,,120 kg,,,180 kg,,,,,,,,,80 kg,
7287,Bhuvenesewaran Chandrasekhar,CrossFit Yuva,,"2023 open
123389th
worldwide",123389th,worldwide,Men,Men,100 kg,,68 kg,125 kg,,,,,,,40,,52 kg,
7289,Débora Hercoli,CrossFit Mogi Guaçu,,,,South America,Women,,,,61 kg,100 kg,,,,,,,24,31:57,51 kg,
7309,Leanne Rueter,,,"2023 open
9974th
worldwide",9974th,worldwide,Women,Women (35-39),215 lb,,145 lb,255 lb,,,5:24,,10:15,,,,115 lb,
7311,Teresa Shaffer,Noble CrossFit,,,,North America East,Women,,225 lb,,100 lb,250 lb,,,,,,,,27:30,75 lb,
7319,Marco Ferraro,CrossFit Petram,,,,North America,Men,,265 lb,,,315 lb,,,,3:01,,,,,,
7321,Daniel Bandy,First City CrossFit,,,,West Coast,Men,,355 lb,,205 lb,415 lb,,25:35,,3:28,9:28,,30,21:30,185 lb,1:05
7323,Roberto Bocchi,,,,,,,,100 kg,,70 kg,130 kg,239,,,7:54,,,15,26:39,50 kg,
7325,Austin Hoehne,,,,,North America,Men,,355 lb,,265 lb,455 lb,,,,,,,,,195 lb,
7332,Eduardo dos Santos,CrossFit MALTA,,,,Brazil,Men,,210 kg,,140 kg,230 kg,,,2:40,,,,40,,120 kg,
7346,Steve Burroughs,,,,,,,,300 lb,,215 lb,390 lb,,,10:32,,18:42,,15,35:00,150 lb,
7347,Madelyn Arnold,,,,,Central East,Women,,290 lb,,175 lb,305 lb,326,,8:33,2:46,10:33,,,,145 lb,
7361,Joseph DeClemente,,,,,North East,Men,,360 lb,,230 lb,335 lb,,,,,,,,29:00,135 lb,
7369,Michael Grimm,,,,,Europe,Men,,,,,120 kg,,,,,,,,32:22,,
7372,Jonathan Curan,CrossFit Bastion,,,,Guatemala,Men,,405 lb,,225 lb,395 lb,,19:30,3:35,,,,,,177 lb,
7409,Mercedes Wyenberg,Undefeated CrossFit,,"2023 quarterfinals
135th
North America West",135th,North America West,Women,Women,275 lb,,195 lb,340 lb,,,,,,,15,,145 lb,1:25
7460,Leon Porter,CrossFit Delta Fox,,"2023 open
13629th
worldwide",13629th,worldwide,Men,Men (40-44),125 kg,,90 kg,150 kg,,,,3:58,,,10,30:33,70 kg,
7466,Timothy Hearndon,,,,,,,,302 lb,,,353 lb,,,,,,,10,,,
7476,Bertrand Cadet,CrossFit Bear Crawl,,"2023 open
2127th
worldwide",2127th,worldwide,Men,Men (45-49),130 kg,,90 kg,180 kg,,,,,,,,30:00,60 kg,
7489,Alyska Kalmeijer,CrossFit 2311,,,,Belgium,Women,,305 lb,,185 lb,355 lb,287,26:43,4:10,3:59,10:49,,,19:24,125 lb,0:57
7490,Rodrigo Baez,,,,,South America,Men,,80 kg,,70 kg,130 kg,,,,,,,,,40 kg,
7494,Curtis Martin,Alpine Ranch CrossFit,,,,West Coast,Men,,,,190 lb,385 lb,,,,,,,17,,135 lb,
7496,Rafael Romagna,CrossFit Bento,,,,South America,Men,,165 kg,63:45,110 kg,180 kg,,,3:57,,,,40,,85 kg,
7505,Francisco Neto,,,,,,,,120 kg,,70 kg,135 kg,,,,,,,,,60 kg,1:50
7507,Angel Lopez,,,,,,,,,,,165 kg,,,,,,,,,,
7508,Raquel Candeias,CrossFit Montijo,,"2023 quarterfinals
486th
worldwide",486th,worldwide,Women,Women (40-44),140 kg,,81 kg,160 kg,,,4:32,3:12,,,,,52 kg,
7513,Mohamed Hussein,Fight Unit CrossFit,,,,Egypt,Men,,205 lb,,,,,,,,,,,,125 lb,
7530,Connor Fotsch,D-Town CrossFit,,"2023 quarterfinals
529th
North America West",529th,North America West,Men,Men,390 lb,,280 lb,,,,,,,,,,210 lb,
7570,Nestor Alvarez,,,,,,,,285 lb,,225 lb,325 lb,,,,,,,,25:00,175 lb,
7647,Valentin Gonzalez Rodriguez,CrossFit VTC,,"2023 quarterfinals
716th
worldwide",716th,worldwide,Men,Men (45-49),145 kg,,93 kg,180 kg,,,3:54,6:02,11:24,,27,,73 kg,
7649,Noah Menzel,CrossFit Basel,,,,Europe,Men,,150 kg,,100 kg,170 kg,,,,,9:58,,,25:00,80 kg,
7655,Anthony Peebles,,,,,South Central,Men,,375 lb,,,355 lb,,,,,,,,,,
7658,Amir Abdzadeh,,,,,Asia,Men,,140 kg,,88 kg,150 kg,,,,,,,20,26:54,61 kg,1:05
7666,Fabrizio Ruiz,,,"2023 open
5184th
worldwide",5184th,worldwide,Men,Men (35-39),145 kg,,98 kg,200 kg,,,3:36,,,,,,75 kg,
7678,James Belk,,,,,North America East,Men,,375 lb,,260 lb,430 lb,,,2:43,3:48,9:03,,21,19:01,205 lb,1:28
7679,Yann Jaulneau,,,,,,,,,,140 kg,230 kg,,,,,,,,,,
7684,Kevin Rohling,Bainbridge Island CrossFit,,,,North America West,Men,,285 lb,,175 lb,345 lb,,,4:35,,,,,,125 lb,
7711,Todd McDaniel,CrossFit Pineville,,"2023 quarterfinals
345th
worldwide",345th,worldwide,Men,Men (50-54),,,,,,,,,,,,,,1:16
7717,Todd Powers,,,,,North America,Men,,350 lb,,225 lb,475 lb,,,8:00,,,,15,,155 lb,
7726,Jack Farlow,CrossFit PSC,,"2023 games
27th
worldwide",27th,worldwide,Men,Men,485 lb,,397 lb,525 lb,,,2:56,,,,,,300 lb,
7745,Alvaro Avila,,,,,,,,275 lb,,,365 lb,,,,,,,,,,
7770,Mitchel Babcock,CrossFit Fenton,,"2023 quarterfinals
599th
North America East",599th,North America East,Men,Men,470 lb,,360 lb,570 lb,,,2:12,,,,,21:30,285 lb,
7791,Ben Weber,,,,,New Zealand,Men,,185 kg,,105 kg,200 kg,309,,5:03,3:55,,,,25:07,80 kg,1:35
7806,Francisco Fernandez Prieto,,,,,Europe,Men,,160 kg,,120 kg,200 kg,,,,,,,50,20:00,90 kg,
7826,Christian Seyock,,,,,,,,130 kg,,,150 kg,,,,,,,,,,
7837,Stokes Brownlee,CrossFit Fox Den,,,,North America,Men,,425 lb,,235 lb,485 lb,,,,,,,,25:00,,
7850,Augusto Neto,Armazem CrossFit,,"2023 open
6718th
worldwide",6718th,worldwide,Men,Men (50-54),80 kg,,,,,,,,,,,24:22,,
7861,Evgeniy Mossula,,,,,Europe North,Men,,140 kg,,90 kg,160 kg,,,,,,,,,70 kg,
7869,Max Leca,,,,,Canada East,Men,,355 lb,,250 lb,440 lb,,,3:15,,,,55,,,
7893,Cesar Castillo,,,"2023 open
12415th
worldwide",12415th,worldwide,Men,Men (40-44),415 lb,,230 lb,405 lb,381,,10:54,4:30,11:09,,,,175 lb,
7917,Dan Sherwood,Coal Creek CrossFit,,,,North America,Men,,300 lb,,195 lb,325 lb,,,,,,,,,165 lb,1:09
7923,Lanie Platt,CrossFit Creed,,,,North America,Women,,205 lb,,160 lb,275 lb,,,,,,,,,,
7930,John Clark,CrossFit Lena,,"2023 quarterfinals
397th
North America East",397th,North America East,Men,Men,385 lb,,330 lb,505 lb,,,2:17,2:20,,,45,18:46,255 lb,
7937,James Meikle,,,,,,,,345 lb,,205 lb,445 lb,,,,,,,,19:58,155 lb,
7968,Jacob Askew,,,,,Europe,Men,,120 kg,,80 kg,125 kg,,,,,,,,,50 kg,
7989,Nick Lubbers,CrossFit Garage,,"2023 open
3786th
worldwide",3786th,worldwide,Men,Men (45-49),,59:43,,405 lb,323,26:38,4:52,3:03,8:41,,,21:16,,1:20
8000,Trevor Bourne,,,,,,,,297 lb,,,325 lb,,,,,,,,,,
8012,Alejandro Angulo,SNY CrossFit,,,,South America,Men,,150 kg,,110 kg,205 kg,,,3:56,4:50,,,26,16:00,75 kg,1:07
8015,Grahame Cuthbertson,,,,,Europe Central,Men,,198 lb,,154 lb,265 lb,205,,7:17,,9:49,,11,19:41,72 lb,
8023,Jessica Biever,Hoplite CrossFit,,,,North Central,Women,,160 lb,,105 lb,215 lb,,,,,,,,,90 lb,
8025,Michele Cantini,CrossFit Cascina Reckless,,,,Europe,Men,,155 kg,,100 kg,180 kg,,,,4:26,,,18,30:05,78 kg,
8031,Andre Domingos,,,,,Latin America,Men,,200 kg,,100 kg,180 kg,,,,,,,40,25:00,85 kg,
8053,Michael Doris,Wandsworth District CrossFit,,,,Europe,Men,,,,,165 kg,,,,,8:38,,,,,
8056,Serena Simeoli,,,,,North America,Women,,,,,265 lb,233,29:18,3:39,,,,10,19:35,,
8060,Masatomo Ueda,,,,,,,,105 kg,,75 kg,135 kg,,,,2:44,11:51,,,22:34,58 kg,1:55
8110,Stephen Cyr,,,,,North America,Men,,315 lb,,175 lb,395 lb,,,13:58,4:45,,,,23:05,135 lb,1:20
8140,Sebastiaan Basten,,,,,,,,120 kg,,90 kg,160 kg,247,27:15,,6:37,,,,,80 kg,
8152,Alec Hetherington,CrossFit Tundra,,,,North Central,Men,,315 lb,,215 lb,405 lb,,,,,,,,,155 lb,
8154,Corey Sullivan,CrossFit Invictus Fenway,,,,United States,Men,,,,225 lb,375 lb,,,,,,,,,155 lb,1:30
8159,Brian Cox,C4 CrossFit,,,,United States,Men,,450 lb,,305 lb,435 lb,,,2:45,1:50,,,43,,245 lb,
8175,Adam Cunningham,,,,,North America,Men,,365 lb,85:50,245 lb,425 lb,116,47:26,6:24,4:27,13:22,,15,29:26,185 lb,1:54
8176,Austin Love,,,,,North America,Men,,395 lb,,245 lb,530 lb,311,26:07,4:22,2:04,,,25,,195 lb,1:13
8185,Ville Tuominen,CrossFit 33100,,,,Europe,Men,,143 kg,,108 kg,185 kg,,,2:59,2:12,,,,,83 kg,
8195,Brandon-Lee Gibbins,PerFit CrossFit Ballarat,,"2023 open
21446th
worldwide",21446th,worldwide,Men,Men,145 kg,,115 kg,190 kg,,,,3:20,,,45,,90 kg,
8213,Thiago Ussier,,,"2023 open
24020th
worldwide",24020th,worldwide,Men,Men,331 lb,,273 lb,386 lb,,,,,,,,,,
8237,Katie Babits,Core CrossFit,,,,North America,Women,,83 kg,,58 kg,115 kg,,,,,,,,,42 kg,
8249,Eddie Charlton,PowTown CrossFit,,"2023 open
510th
worldwide",510th,worldwide,Men,Men (40-44),365 lb,,250 lb,405 lb,380,,3:11,2:21,,,68,19:41,190 lb,
8257,Joel Bateman,CrossFit Trivium,,"2023 quarterfinals
720th
North America East",720th,North America East,Men,Men,375 lb,,275 lb,425 lb,330,,3:34,2:31,,,,21:43,205 lb,1:06
8271,Randy Daugherty,CrossFit Sand Springs,,,,North Central,Men,,405 lb,,,455 lb,,,,,,,,,,
8276,Ashley Arroyo,Old Town CrossFit,,"2023 open
17745th
worldwide",17745th,worldwide,Women,Women,270 lb,,200 lb,,,,6:10,,,,,,149 lb,
8291,Yung Hon Sarn,,,,,,,,100 kg,,85 kg,125 kg,,,,,,,,,60 kg,
8305,Maxence Ver Poorten,CrossFit Chambéry,,,,Europe,Men,,210 kg,,130 kg,230 kg,,,,,,,,,110 kg,
8318,Wei-Chieh Chiu,CrossFit UltiLife,,"2023 open
3122nd
worldwide",3122nd,worldwide,Men,Men (35-39),130 kg,,,130 kg,,,,,,,,,,
8323,Omar Colombo,CrossFit Mylos,,,,Europe,Men,,,,,,,,,,,,,19:10,,0:51
8338,Joseph Peruche,CrossFit Now,,,,United States,Men,,405 lb,,285 lb,506 lb,,,,2:21,,,,20:30,225 lb,
8350,Gabriel Saint-denis,,,,,,,,415 lb,,315 lb,515 lb,,,,,,,47,,225 lb,
8372,Liisa Paajaste,CrossFit 10K,,,,Europe,Women,,93 lb,,73 kg,117 lb,,,,,,,17,,50 lb,
8417,Sam Godfrey,CrossFit Down Under,,,,Australia,Men,,190 kg,,115 kg,235 kg,,,,5:00,,,,,90 kg,
8431,Glen Sturgess,CrossFit 564,,"2023 quarterfinals
404th
Oceania",404th,Oceania,Men,Men,140 kg,,110 kg,165 kg,,,,,,,,,78 kg,
8436,Francesco Saverio Lunerti,CrossFit Crema,,,,Europe South,Men,,150 kg,,100 kg,150 kg,,,,,,,,,90 kg,
8444,Bryce Souve,,,,,North America,Men,,405 lb,,245 lb,475 lb,,55:30,8:25,,15:50,7:16,11,27:00,205 lb,
8464,Kalin Velkov,,,,,,,,135 kg,,120 kg,190 kg,,,,,,,24,,90 kg,1:07
8466,Reza Dehghanzadeh,,,,,,,,210 kg,,85 kg,200 kg,,,,,,,,,70 kg,
8475,John Gill,CrossFit Trivium,,"2023 open
24546th
worldwide",24546th,worldwide,Men,Men,395 lb,,,555 lb,,,,,,,,,225 lb,
8511,Dave Markowski,,,,,Mid Atlantic,Men,,,,,425 lb,,,,,,,,,,
8530,Meg Harbon,CrossFit Derby,,"2023 open
21788th
worldwide",21788th,worldwide,Women,Women,103 kg,,68 kg,135 kg,,,6:28,3:25,12:38,,15,26:02,52 kg,1:24
8531,Zachary Jankiewicz,O'Hare CrossFit,,,,North Central,Men,,425 lb,,300 lb,450 lb,346,,3:23,1:55,8:45,,,,220 lb,
8562,Brian Babo,CrossFit Seven Cities,,,,United States,Men,,275 lb,,205 lb,435 lb,,,5:58,,9:03,,,,155 lb,
8573,Alexander Reynolds,CrossFit Composure,,"2023 open
7731st
worldwide",7731st,worldwide,Men,Men (35-39),315 lb,,240 lb,445 lb,,,4:57,7:15,9:36,,,22:02,190 lb,
8594,Jesse Smith,Oceanside CrossFit,,,,North America West,Men,,385 lb,,295 lb,465 lb,,,3:43,,,,,,250 lb,
8606,Niek Heeren,,,,,Europe,Men,,150 kg,,110 kg,200 kg,319,,4:37,2:53,,,22,22:07,85 kg,
8612,Jordan Farris,CrossFit Steel Soul Pontiac,,,,United States,Men,,,,235 lb,435 lb,335,,3:40,2:32,8:12,,28,18:13,205 lb,1:02
8651,Mikhail Arnoult,,,,,,,,120 kg,,80 kg,140 kg,241,,,,,,39,19:48,60 kg,
8671,Jay Turley,,,,,North America West,Men,,480 lb,,275 lb,525 lb,282,32:48,3:19,4:31,11:04,,,24:47,205 lb,
8672,Fabio Cairo,CrossFit Parioli,,,,Europe,Men,,165 kg,,110 kg,180 kg,,,,,,,,20:00,90 kg,
8707,Ryota Matsushima,CrossFit Union Square,,"2023 open
6269th
worldwide",6269th,worldwide,Men,Men,200 kg,,145 kg,230 kg,,,2:15,1:45,,,30,,111 kg,
8711,Hugo Assanti,CrossFit La Fira,,,,Europe,Men,,135 kg,,100 kg,150 kg,,,,,,,,,82 kg,
8717,Natalie Lewis,CrossFit Truro,,"2023 open
244th
worldwide",244th,worldwide,Women,Women (40-44),97 kg,,80 kg,125 kg,,,3:12,,,,,,58 kg,
8725,Dominik Vogt,,,,,,,,,,,140 kg,,,,,,,17,,,1:10
8731,Paulo Almeida,CrossFit 351,,,,Portugal,Men,,135 kg,,90 kg,165 kg,,,11:58,9:09,12:52,,,30:12,70 kg,
8744,Harrison Linn,CrossFit Consolidated,,,,United States,Men,,475 lb,,275 lb,475 lb,,,3:24,2:12,,,,,225 lb,
8747,Bryan Whitaker,,,,,Central East,Men,,550 lb,,345 lb,600 lb,,,3:45,,,,,,245 lb,
8749,Richard Alba,,,,,United States,Men,,425 lb,,290 lb,550 lb,,,,,,,,,225 lb,
8758,Erin Gilreath,CrossFit Tough as Nails,,,,United States,Women,,335 lb,,235 lb,335 lb,,,,3:05,,,,,187 lb,
8779,Dalton Higginbottom,,,,,North America,Men,,345 lb,,135 lb,365 lb,,,,,,,,35:32,145 lb,
8799,Chad Abner,,,,,Central East,Men,,,,,455 lb,,,,,,,,22:26,,1:20
8890,Jason Choo-Kang,,,,,,,,325 lb,,135 lb,365 lb,,,6:00,,,,,25:00,115 lb,
8903,Tristan Meade,,,"2023 open
20483rd
worldwide",20483rd,worldwide,Men,Men (35-39),335 lb,,245 lb,445 lb,,,4:47,,,,18,23:36,185 lb,1:30
8932,Andreas Karlsson,,,,,Europe,Men,,160 kg,,110 kg,180 kg,,,10:24,,,,30,,80 kg,1:03
8965,Wouter Witsel,CrossFit City Aalsmeer,,"2023 quarterfinals
536th
worldwide",536th,worldwide,Men,Men (50-54),150 kg,,100 kg,180 kg,,,5:36,3:07,12:07,,,24:50,65 kg,1:20
8966,Kevin Carnett,CrossFit Greater Heights,,"2023 quarterfinals
508th
North America West",508th,North America West,Men,Men,415 lb,,350 lb,475 lb,,,2:28,,,,,,232 lb,
8968,Mitxel Muguira,,,,,United States,Men,,385 lb,,245 lb,410 lb,,,3:26,,8:26,,30,22:01,185 lb,1:14
8970,Hiroyuki Watanabe,,,,,Asia,Men,,,,,140 kg,,,,,,,,,,
8979,Alejandro Chavarria,CrossFit Renace,,,,North America,Men,,240 lb,,155 lb,345 lb,,,,,,,13,28:00,125 lb,1:30
8984,Eder Fernandes de Azevedo,CrossFit Breu,,,,South America,Men,,120 kg,,,170 kg,,,,,,,,20:33,95 kg,
8985,Shinji Matsunaga,CrossFit Minatomirai,,,,Japan,Men,,210 kg,,150 kg,260 kg,,,3:02,,5:00,,,,125 kg,1:16
9043,Leonel Franco,Straight Flush CrossFit,,"2023 semifinals
57th
worldwide",57th,worldwide,Men,Men,450 lb,,370 lb,510 lb,,,1:59,,,,,,295 lb,1:00
9064,Zheng Ren,CrossFit Pepper,,,,China,Men,,140 kg,,95 kg,170 kg,,,5:30,,,,,,62 kg,1:20
9091,Leonardo Rabello De Souza Rocha,,,,,,,,110 kg,,84 kg,170 kg,,,,,7:54,,,,60 kg,
9092,Sam Garas,Derby City CrossFit,,,,Central East,Men,,325 lb,,180 lb,425 lb,,,,,,,,,152 lb,
9113,Molly Maness,CrossFit 313,,,,North America West,Women,,165 lb,,130 lb,225 lb,266,,4:21,,10:17,,,,110 lb,
9120,Sean Balaban,CrossFit Jacksonville Beach,,,,United States,Men,,375 lb,,245 lb,515 lb,,,3:38,,,,25,,175 lb,0:56
9131,Thomas Abitante,CrossFit Invictus Back Bay,,,,United States,Men,,325 lb,,250 lb,410 lb,,,2:53,4:06,8:01,,55,,165 lb,
9149,Vincent Van Lierde,CrossFit Explore,,"2023 quarterfinals
886th
worldwide",886th,worldwide,Men,Men (35-39),175 kg,,130 kg,220 kg,,18:13,3:00,2:59,,,70,25:00,100 kg,
9167,Oscar Hernandez,,,,,,,,285 lb,,245 lb,420 lb,,,,,,,,,,
9186,Jamie Pancho,,,,,North America,Men,,375 lb,,215 lb,435 lb,288,32:25,7:40,4:11,14:01,,,,145 lb,1:11
9195,Daniel Lindmueller,CrossFit Wolfsburg,,"2023 open
6799th
worldwide",6799th,worldwide,Men,Men (35-39),175 kg,,130 kg,195 kg,,,,,,,,,100 kg,
9203,Cagkan Demiralp,,,,,Asia,Men,,130 kg,,104 kg,174 kg,320,16:53,3:58,3:11,,,40,,75 kg,
9251,Katsuya Motoyoshi,CrossFit Roppongi,,"2023 open
10559th
worldwide",10559th,worldwide,Men,Men (45-49),242 lb,,,260 lb,,,,,,,5,,100 lb,
9260,Ryan Reid,,,,,North America West,Men,,415 lb,,315 lb,510 lb,,,,2:54,,,,21:00,240 lb,
9269,Joao Andre Campos,,,"2023 quarterfinals
135th
South America",135th,South America,Men,Men,,,,,,,2:50,,,,,,,
9279,Benjamin Zeeb,CrossFit Thunderbolt,,,,North Central,Men,,350 lb,,225 lb,425 lb,,,,,,,,,175 lb,
9289,Michael Schuman,Southern Pines CrossFit,,"2023 quarterfinals
1545th
North America East",1545th,North America East,Men,Men,365 lb,,245 lb,455 lb,,,4:28,,,,,,205 lb,
9318,Dominic Pegg,CrossFit 1709,,,,United Kingdom,Men,,150 kg,,105 kg,200 kg,,,,3:58,,,11,23:42,80 kg,1:10
9353,Kyler Bateman,CrossFit Moirai,,,,Canada,Men,,300 lb,,235 lb,405 lb,,,,,,,,,155 lb,
9376,Antonio Cicala,CrossFit Posillipo,,"2023 quarterfinals
816th
worldwide",816th,worldwide,Men,Men (35-39),180 kg,,135 kg,220 kg,334,,2:06,2:51,,,50,,105 kg,
9399,Marthijs Ter Haar,,,,,Europe Central,Men,,140 kg,,110 kg,200 kg,,,3:29,,,,,18:45,75 kg,
9401,Justin Kelley,,,,,South Central,Men,,365 lb,,,475 lb,,,3:36,,,,47,,,
9408,Kevin Scott,,,,,,,,400 lb,,,450 lb,,,,,,,,,,
9410,Michael Lombardi,CrossFit Boston,,"2023 open
6202nd
worldwide",6202nd,worldwide,Men,Men (35-39),315 lb,,245 lb,475 lb,,,3:45,2:12,7:10,,,18:04,195 lb,0:55
9411,Chase Pruitt,CrossFit Rockwall,,"2023 open
70947th
worldwide",70947th,worldwide,Men,Men,210 lb,,170 lb,275 lb,,,,,,,15,21:30,,
9428,Carine Akil,,,,,,,,70 kg,,50 kg,110 kg,,,,,,,,,35 kg,
9490,George Diachenko,Natrium CrossFit,,"2023 open
47004th
worldwide",47004th,worldwide,Men,Men,130 kg,,85 kg,170 kg,327,27:25,7:03,4:17,11:51,,23,23:49,61 kg,
9544,Ron Sanz,Risen Strength CrossFit,,"2023 open
3948th
worldwide",3948th,worldwide,Men (55-59),Men (55-59),340 lb,,145 lb,315 lb,,,,,,,,,115 lb,
9548,Kostya Prudnikov,,,"2023 open
3469th
worldwide",3469th,worldwide,Men,Men (35-39),160 kg,,120 kg,200 kg,,,,,,,,22:00,100 kg,
9561,Josh Jones,,,,,Europe,Men,,170 kg,,115 kg,200 kg,,,2:57,,,,,22:47,85 kg,
9562,Peter Noy,CrossFit Towson,,"2023 quarterfinals
146th
worldwide",146th,worldwide,Men (60-64),Men (60-64),280 lb,,160 lb,355 lb,275,,,3:57,12:17,,21,30:00,115 lb,
9567,Kilian Wied,CrossFit am Rhein,,,,Europe,Men,,155 kg,,109 kg,190 kg,,,,,,,2,40:00,70 kg,
9575,Gretchen De Gross,Apache CrossFit,,"2023 open
6441st
worldwide",6441st,worldwide,Women,Women (45-49),166 lb,,115 lb,235 lb,,,6:10,2:57,,,,,85 lb,
9586,Lucas Padron Ocana,One Mile CrossFit,,"2023 quarterfinals
887th
Europe",887th,Europe,Men,Men,187 kg,,135 kg,210 kg,,,,2:17,,,,21:15,110 kg,1:20
9609,Ryan Jennings,CrossFit Sabal Park,,,,North America,Men,,,,235 lb,455 lb,,,2:57,2:29,,,,,185 lb,
9623,Carlos Saldanas,,,,,,,,350 lb,,250 lb,375 lb,,,,,,,,,205 lb,
9631,Alex Stults,,,,,,,,500 lb,,245 lb,515 lb,,,7:37,3:37,,,12,,185 lb,
9633,Bill Johnson,,,,,,,,335 lb,,185 lb,380 lb,,,,,,,1,,120 lb,
9638,Lei Wang,CrossFit Qiantang,,,,China,Men,,295 lb,,165 lb,415 lb,,,,,,,23,25:00,135 lb,
9670,Kevin Dunn,Heretic CrossFit,,"2023 open
6443rd
worldwide",6443rd,worldwide,Men,Men (45-49),,,,,,,,,,,8,28:00,,
9684,Matteo Giora,,,,,,,,140 kg,,100 kg,180 kg,,,,3:13,,,,,,
9709,Jose Rocha Jr.,,,,,South America,Men,,140 kg,,110 kg,220 kg,,32:54,3:54,2:45,,,25,28:30,80 kg,
9737,David Freuler,CrossFit Zug,,,,Europe South,Men,,110 kg,,70 kg,160 kg,,,,,,,,,40 kg,
9766,Kevin Gibson,,,,,,,,315 lb,,175 lb,315 lb,,,,,,,20,24:00,,1:15
9771,Tabitha Maroney,CrossFit Magic Dragon,,,,United States,Women,,175 lb,,125 lb,240 lb,,,,,,,,,100 lb,
9777,Michiel Parson,CrossFit City Aalsmeer,,"2023 quarterfinals
668th
worldwide",668th,worldwide,Men,Men (40-44),110 kg,,95 kg,140 kg,,,,,,,,,70 kg,
9786,Amaan Bakali,CrossFit Third Eye,,"2023 quarterfinals
502nd
Asia",502nd,Asia,Men,Men,180 kg,,120 kg,220 kg,,,3:38,4:12,,,25,,95 kg,
9799,Ariana StGeorge,Oceanside CrossFit,,,,West Coast,Women,,225 lb,,120 lb,255 lb,179,,9:33,5:25,13:18,,12,,85 lb,
9829,Hywel Thomas,CrossFit Battle Cancer,,"2023 open
25726th
worldwide",25726th,worldwide,Men,Men,200 kg,,142 kg,230 kg,,,2:24,2:02,10:36,,,23:07,107 kg,
9841,Jessica Bailer,CrossFit Eagle Alley,,,,United States,Women,,165 lb,,100 lb,185 lb,,,,,,,,,90 lb,
9848,Jarrod Manzi,,,,,North East,Men,,495 lb,,275 lb,505 lb,,,,4:23,,,,,205 lb,
9863,Vivian Hammi,,,,,,,,,,,,,,,,15:02,,,48:00,,
9865,Ricardo González,Power Lion CrossFit,,,,Central America,Men,,231 lb,,198 lb,,,,,,,,,,165 lb,
9866,Marco Perez,,,,,North America,Men,,305 lb,,225 lb,345 lb,,,,,,,,,165 lb,
9892,Cole Martinez,CrossFit VTG,,,,North America,Men,,410 lb,,330 lb,425 lb,,,,,,,60,,260 lb,
9893,Relry Endyo,,,,,South America,Men,,,,,,,,5:29,3:51,,,,,,
9900,Albert Solana,,,,,Europe,Men,,100 kg,,75 kg,125 kg,,,,,,,15,28:00,48 kg,
9928,Rebecca Hughes,,,,,United Kingdom,Women,,93 kg,,60 kg,115 kg,,30:00,12:00,7:00,14:00,,10,30:00,35 kg,2:00
9948,Ilias Chatzivasileiou,,,"2023 open
12003rd
worldwide",12003rd,worldwide,Men,Men,180 kg,,130 kg,200 kg,,,2:25,1:54,,,65,18:18,100 kg,1:05
9959,Mohamed Algowaifly,Interval Plus CrossFit,,,,Asia,Men,,155 lb,,153 lb,295 lb,,,,6:32,,,,35:00,,
9962,Xavier Veis,Black Falcon CrossFit,,"2023 open
3918th
worldwide",3918th,worldwide,Men,Men (40-44),125 kg,,,184 kg,,,4:25,,8:26,,35,23:45,65 kg,1:14
