,Athlete,Affiliate,Country,Competition,Placement,Region,Division,Division_2,Back Squat,Chad1000x,Clean and Jerk,Deadlift,Fight Gone Bad,Filthy 50,Fran,Grace,Helen,L1 Benchmark,Max Pull-ups,Run 5k,Snatch,Sprint 400m
0,Russ Greene,CrossFit DC,,,,Mid Atlantic,Men,,355 lb,--,--,485 lb,--,--,2:50,--,--,--,52,19:20,205 lb,--
1,John Mclaughlin,CrossFit Jensen Beach,,,,North America East,Men (55-59),,355 lb,--,255 lb,435 lb,--,--,2:26,2:34,7:24,--,50,--,195 lb,--
2,Daniel Campbell,CrossFit 797,,"2023 open
6507th
worldwide",6507th,worldwide,Men,Men (35-39),325 lb,--,245 lb,415 lb,--,--,3:46,2:57,--,--,33,19:22,165 lb,1:05
3,Victor Nicholas,CrossFit Anchorage,,,,United States,Men,,320 lb,--,240 lb,385 lb,364,--,3:48,--,--,--,--,--,185 lb,--
4,Everette Sweeting,CrossFit Potcake,,,,Bahamas,Men,,420 lb,--,295 lb,455 lb,286,--,--,1:56,--,--,19,--,225 lb,0:49
5,Mark Crosby,,,"2023 open
1269th
worldwide",1269th,worldwide,Men,Men (45-49),315 lb,--,215 lb,375 lb,345,24:59,4:47,4:03,8:31,--,35,18:46,160 lb,--
6,Eric Verbel,,,,,North East,Men,,--,--,--,--,--,--,--,--,--,--,--,20:35,--,--
7,Brian Holub,,,,,Southern California,Men,,275 lb,--,230 lb,400 lb,326,27:56,7:18,3:33,10:48,--,29,26:05,170 lb,1:15
8,Troy Gordon,,,,,Oceania,Men,,135 kg,--,113 kg,160 kg,398,22:16,4:00,2:16,9:22,--,41,23:32,77 kg,--
9,Tami Brown,,,,,Southern California,Women,,--,--,--,215 lb,--,--,--,--,--,--,--,--,--,--
10,Noor Greene,CrossFit DC,,,,United States,Women,,195 lb,--,155 lb,300 lb,--,--,--,--,--,--,21,--,125 lb,1:14
11,james afto,,,,,South Central,Men,,365 lb,--,225 lb,445 lb,300,21:34,3:30,4:30,10:00,--,50,22:00,175 lb,1:20
12,Mark Sanderson,,,,,South Central,Men,,385 lb,--,275 lb,455 lb,283,--,--,--,--,--,32,--,185 lb,0:52
13,Justin Sloan,,,,,Mid Atlantic,Men,,335 lb,--,--,395 lb,--,--,--,--,--,--,--,--,--,--
14,Alexander Cashman,,,,,Mid Atlantic,Men,,385 lb,--,245 lb,505 lb,308,--,6:47,2:29,12:16,--,21,22:10,185 lb,--
15,Bruno Thimineur,,,,,Canada East,Men,,445 lb,--,300 lb,495 lb,433,20:40,2:46,2:04,7:19,--,40,20:33,220 lb,--
16,Nicholas Triglia,CrossFit HQ,,,,United States,Men,,350 lb,--,245 lb,435 lb,275,--,--,--,--,--,25,--,175 lb,--
17,Adam Eidson,RARE CrossFit,,,,North America East,Men,,330 lb,--,250 lb,375 lb,314,--,3:57,4:00,--,--,40,20:00,198 lb,1:10
18,Courtney Powell,,,,,,,,--,--,--,--,--,--,--,--,--,--,--,--,--,--
19,Ryan Brennan,,,,,Mid Atlantic,Men,,--,--,--,--,--,--,--,--,--,--,--,--,--,--
20,Bart Boyd,North Ankeny CrossFit,,"2023 open
275th
worldwide",275th,worldwide,Men,Men (40-44),425 lb,--,285 lb,500 lb,438,17:36,2:13,1:48,7:09,--,67,20:19,215 lb,0:58
21,Danielle Jarousse,,,,,South East,Women,,295 lb,--,223 lb,360 lb,--,--,2:11,1:52,9:07,--,27,--,170 lb,1:08
22,Debbie Deibert,,,,,North Central,Women,,--,--,--,--,--,--,--,--,--,--,--,--,--,--
23,Joe Shininger,,,,,Central East,Men,,--,--,--,--,--,--,--,--,--,--,--,--,--,--
24,Andrew Chicoine,,,,,South Central,Men,,430 lb,--,265 lb,475 lb,406,--,3:03,2:40,6:35,--,--,22:00,205 lb,--
25,joel geerlings,,,,,Central East,Men,,305 lb,--,235 lb,435 lb,373,29:10,2:53,5:13,8:45,--,52,22:06,155 lb,1:03
26,Raymondo Traitz,CrossFit South Rockland,,,,North East,Men,,--,--,--,--,--,--,--,--,--,--,--,--,--,--
27,Seneca Seley,,,,,North America,Men,,365 lb,--,260 lb,475 lb,--,--,3:23,2:08,8:31,--,--,21:32,205 lb,1:20
28,Joshua Hemmelgarn,,,,,Central East,Men,,365 lb,--,245 lb,405 lb,--,--,2:59,2:26,--,--,--,17:12,190 lb,1:00
29,Jeremy Jouette,CrossFit Virtus,,,,United States,Men,,365 lb,--,220 lb,460 lb,266,33:53,--,--,--,--,12,32:19,172 lb,1:32
30,Chris Hamilton,CrossFit Northern Kentucky,,,,United States,Men,,315 lb,--,225 lb,385 lb,290,27:06,3:22,3:20,9:59,--,30,27:45,175 lb,1:15
31,Brian Michaelson,,,,,South West,Men,,405 lb,--,310 lb,450 lb,--,--,--,--,--,--,--,--,255 lb,1:09
32,Jessica Martinez,CrossFit VTG,,,,United States,Women,,--,--,--,--,--,--,--,--,--,--,--,--,--,--
33,Kenneth Mao,Blues City CrossFit,,,,North America,Men,,315 lb,--,225 lb,405 lb,417,--,3:17,3:02,--,--,73,20:03,185 lb,0:51
34,Jose Lopez,SF CrossFit,,,,South East,Men,,345 lb,--,220 lb,445 lb,--,--,--,--,--,--,--,26:00,165 lb,1:16
35,John Ryan,Fairwinds CrossFit,,"2023 quarterfinals
912th
worldwide",912th,worldwide,Men,Men (45-49),345 lb,--,240 lb,445 lb,365,22:19,3:11,3:03,6:43,--,45,18:52,180 lb,1:01
36,Andrew Benton,,,,,Mid Atlantic,Men,,315 lb,--,200 lb,430 lb,305,--,--,--,--,--,--,--,155 lb,--
37,Erik Fay,Left Coast CrossFit,,"2023 quarterfinals
915th
worldwide",915th,worldwide,Men,Men (35-39),--,--,--,--,--,--,--,--,--,--,--,--,--,--
38,Kevin Daigle,,,,,Northern California,Men,,431 lb,--,250 lb,445 lb,389,--,2:37,1:41,8:00,--,49,22:09,175 lb,1:05
39,Michael Ingley,CrossFit Iconic,,,,North America,Men,,462 lb,--,365 lb,575 lb,--,--,--,--,--,--,--,--,280 lb,--
40,Sven Meyer,CrossFit Marrickville,,"2023 open
440th
worldwide",440th,worldwide,Men,Men (45-49),178 kg,--,140 kg,220 kg,--,--,--,--,--,--,--,--,95 kg,--
41,Jackson Wood,Ouroboros CrossFit,,"2023 open
50469th
worldwide",50469th,worldwide,Men,Men,385 lb,--,215 lb,450 lb,--,31:58,3:10,--,--,--,30,18:17,205 lb,--
42,Scott Turner,,,,,Central East,Men,,--,--,--,--,--,--,--,--,--,--,--,--,--,--
43,Camas Barkemeyer,,,,,North America,Women,,300 lb,--,235 lb,350 lb,--,--,2:15,--,--,--,50,23:51,190 lb,1:00
44,Angela Pause,CrossFit PSC,,,,Canada,Women (55-59),,215 lb,--,140 lb,235 lb,332,23:03,--,--,--,--,--,--,105 lb,--
45,Celeste Schultz,,,,,South East,Women (60+),,170 lb,--,105 lb,255 lb,--,--,--,--,--,--,--,--,75 lb,--
46,Joel Stephens,South Tampa CrossFit,,"2023 open
14th
worldwide",14th,worldwide,Men Lower Extremity,Men Lower Extremity,325 lb,--,245 lb,475 lb,340,21:27,3:07,2:26,8:09,--,40,22:36,170 lb,1:19
47,Trebor Marple,,,,,South East,Men,,185 lb,--,155 lb,135 lb,411,18:50,3:30,3:40,8:04,--,65,--,115 lb,--
48,Ron Gordon,,,,,North East,Men (60+),,--,--,--,--,--,--,--,--,--,--,--,--,--,--
49,Mike Hart,JoCo CrossFit,,,,Central East,Men,,395 lb,--,305 lb,495 lb,401,18:48,2:38,1:55,7:19,--,50,18:45,235 lb,0:54
50,Michael Barbera,,,,,South East,Men,,415 lb,--,280 lb,425 lb,319,27:00,3:26,2:56,8:47,--,41,24:00,225 lb,1:07
51,Chris Gemignani,CrossFit Park Ave,,"2023 quarterfinals
353rd
worldwide",353rd,worldwide,Men,Men (50-54),375 lb,86:00,245 lb,405 lb,350,28:49,3:37,2:04,10:01,--,25,24:30,175 lb,1:14
52,Bryan Ragon,CrossFit ATP,,,,United States,Men,,270 lb,--,225 lb,385 lb,373,24:11,3:52,3:15,8:57,--,32,19:35,165 lb,0:57
53,Scott McIntyre,CrossFit Per Ardua,,,,North America,Men,,400 lb,--,275 lb,475 lb,436,18:02,2:55,1:58,9:02,--,50,21:00,225 lb,--
54,Jessica Bassi,CrossFit 757,,,,United States,Women,,240 lb,--,160 lb,290 lb,289,26:47,4:23,3:22,10:41,--,27,28:45,120 lb,1:26
55,Duncan Seawell,Bladium CrossFit,,"2023 open
6983rd
worldwide",6983rd,worldwide,Men,Men (45-49),310 lb,--,217 lb,435 lb,--,--,--,4:12,--,--,--,23:08,165 lb,--
56,Jon Chadwick,,,,,Australia,Men,,175 kg,--,107 kg,210 kg,--,23:16,4:15,2:35,9:40,--,--,--,80 kg,--
57,Dari Young,,,,,North West,Women,,--,--,--,--,--,--,--,--,--,--,--,--,--,--
58,Sean Hudson,,,,,Canada West,Men,,121 kg,--,210 lb,155 kg,--,--,7:20,--,--,--,20,21:38,143 lb,--
59,Kelly Guillory,Forged Steele CrossFit,,,,South Central,Women,,215 lb,--,145 lb,300 lb,331,26:12,4:08,3:32,8:13,--,20,22:22,115 lb,1:27
60,Isaac Olsen,,,,,Central East,Men,,300 lb,--,230 lb,435 lb,--,21:28,3:07,--,--,--,51,--,160 lb,--
61,Kurt Thomas Hunt,,,,,,,,305 lb,--,205 lb,405 lb,--,19:59,3:59,2:36,8:30,--,41,21:08,155 lb,1:25
62,Blake Kaplan,,,,,South East,Men,,250 lb,--,195 lb,305 lb,--,--,--,--,--,--,54,--,155 lb,--
63,Luke Fischer,,,,,Mid Atlantic,Men,,385 lb,--,290 lb,475 lb,392,22:55,2:27,2:07,7:38,--,--,--,235 lb,--
64,Lisbeth Darsh,,,,,Northern California,Women,,--,--,--,--,--,--,--,--,--,--,--,--,--,--
65,Thomas Boucher,,,,,North West,Men,,300 lb,--,--,400 lb,285,24:50,5:44,3:55,--,--,--,--,145 lb,--
66,Vanessa Lawgun,Far North CrossFit,,,,Oceania,Women,,--,--,50 kg,110 kg,--,--,--,--,--,--,--,--,--,--
67,Kyle Powidzki,,,,,South East,Men,,320 lb,--,205 lb,335 lb,--,--,4:57,--,9:48,--,38,17:38,125 kg,0:57
68,Adam Rogers,,,,,Northern California,Men,,--,--,190 lb,365 lb,265,30:56,--,--,9:48,--,--,--,--,--
69,Christopher Woods,CrossFit Bethesda,,,,North America East,Men,,515 lb,--,295 lb,525 lb,--,--,2:20,1:39,--,--,60,--,215 lb,1:15
70,Noelle Rogers,,,,,,,,--,--,--,--,--,--,--,--,--,--,--,--,--,--
71,Vadim Darchinov,CrossFit Zilant,,,,Russian Federation,Men,,160 kg,--,110 kg,200 kg,333,--,2:17,2:39,--,--,52,25:00,85 kg,1:15
72,Travis Schliesser,CrossFit Sentry,,"2023 open
4680th
worldwide",4680th,worldwide,Men,Men (35-39),405 lb,--,315 lb,460 lb,--,20:00,2:57,3:14,--,--,--,20:40,275 lb,1:10
73,Travis Mayer,CrossFit UNTD,,,,North America East,Men,,500 lb,--,360 lb,565 lb,447,13:39,2:08,1:18,6:34,--,85,18:03,300 lb,0:54
74,Cory Faulkner,,,,,North West,Men,,400 lb,--,--,300 lb,--,--,7:47,4:20,--,--,20,--,145 lb,--
75,Michael Starich,Ruination CrossFit,,"2023 open
5685th
worldwide",5685th,worldwide,Men,Men (50-54),280 lb,--,197 lb,345 lb,256,26:36,8:24,4:30,12:20,--,19,27:32,140 lb,1:29
76,Mahdi Te Heuheu,,,,,,,,190 kg,--,135 kg,220 kg,385,--,2:45,--,7:34,--,42,--,110 kg,1:01
77,Merle McKenzie,,,,,North East,Men,,--,--,--,--,--,--,--,--,--,--,--,--,--,--
78,Jamie Light,CrossFit Asia,,,,Asia,Men,,390 lb,--,275 lb,470 lb,360,21:36,2:56,2:10,8:03,--,46,20:03,215 lb,1:09
79,Shelby Walkinshaw,,,,,South West,Women,,--,--,--,--,--,--,--,--,--,--,--,--,--,--
80,Mike Remondi,,,,,North East,Men,,--,--,--,--,--,--,--,--,--,--,--,--,--,--
81,Daniel Warner,,,,,North America,Men,,305 lb,--,215 lb,355 lb,--,--,--,--,--,--,--,--,145 lb,--
82,Daniel Herring,,,,,Mid Atlantic,Men,,--,--,--,--,--,16:48,1:56,2:17,7:37,--,--,18:43,--,0:50
83,Gary Roberts,CrossFit Predators,,,,South East,Men,,364 lb,--,265 lb,455 lb,--,32:25,3:23,3:01,8:58,--,50,23:56,225 lb,1:09
84,Jonathan Kirk,CrossFit Fortify,,"2023 open
42007th
worldwide",42007th,worldwide,Men,Men,300 lb,--,225 lb,365 lb,--,--,6:01,3:59,10:49,--,21,--,185 lb,0:59
85,Ruby Hayes,,,,,South East,Women,,106 kg,--,77 kg,115 kg,--,--,--,3:03,13:42,--,20,--,66 kg,--
86,todd harrison,,,,,Canada East,Men,,280 lb,--,195 lb,375 lb,--,--,5:00,4:30,--,--,22,22:30,165 lb,1:30
87,Adam Miller,,,,,,,,--,--,--,--,--,--,--,--,--,--,--,--,--,--
88,Philip Claverie,,,,,South Central,Men,,335 lb,--,245 lb,475 lb,--,--,--,--,--,--,35,--,190 lb,--
89,Brad Bendele,,,,,South Central,Men,,--,--,--,--,--,--,--,--,--,--,--,--,--,--
90,Shane Cross,,,,,North America,Men,,325 lb,--,230 lb,365 lb,347,17:33,2:28,2:28,8:01,--,59,22:06,165 lb,1:15
91,Dave Taylor,,,,,Canada West,Men,,260 lb,--,205 lb,345 lb,--,32:15,4:40,--,--,--,41,27:55,135 lb,1:25
92,Hunter Wooten,,,,,North West,Men,,285 lb,--,205 lb,365 lb,--,--,3:59,3:05,--,--,40,20:00,175 lb,1:03
93,Karen Tran,,,,,Southern California,Women,,--,--,--,--,--,--,--,--,--,--,--,--,--,--
94,Joey Burr,,,,,,,,--,--,--,--,--,--,--,--,--,--,--,--,--,--
95,Saum Poorsaleh,,,,,Southern California,Men,,--,--,--,--,--,--,--,--,--,--,--,--,--,--
96,Andrea Gibson-Cross,,,,,North America,Women,,235 lb,--,--,275 lb,--,17:31,2:59,2:59,9:11,--,69,--,--,--
97,Christopher Nolan,,,,,,,,--,--,--,--,--,--,--,--,--,--,--,--,--,--
98,Steven Buda,,,,,Central East,Men,,315 lb,--,205 lb,405 lb,--,--,5:00,5:15,--,--,30,22:30,155 lb,0:59
99,Ross O'Brien,,,,,North East,Men,,365 lb,--,285 lb,525 lb,424,20:20,2:58,1:55,--,--,--,19:58,205 lb,--
100,Alan Joyner,CrossFit Believe,,,,North America West,Men,,500 lb,--,370 lb,570 lb,--,--,2:06,1:12,7:57,--,59,19:58,310 lb,0:57
101,Jim K,,,,,Central East,Men,,450 lb,--,147 kg,500 lb,--,--,--,--,--,--,--,--,115 kg,--
102,Steve Elsbury,CrossFit Notch 8,,"2023 open
5359th
worldwide",5359th,worldwide,Men,Men (50-54),340 lb,--,205 lb,410 lb,264,35:03,6:47,3:32,11:59,--,--,--,145 lb,1:26
103,Jeremy Mghenyi,CrossFit Progression,,"2023 quarterfinals
110th
Africa",110th,Africa,Men,Men,236 kg,--,315 lb,506 lb,--,--,--,--,--,--,--,--,275 lb,--
104,Bret Jacobsen,,,,,South Central,Men,,295 lb,--,185 lb,345 lb,250,--,--,--,--,--,--,23:30,145 lb,--
105,Maxime Dufault,Deka CrossFit,,,,Canada East,Men,,355 lb,--,265 lb,500 lb,--,--,2:56,1:54,--,--,43,--,225 lb,--
106,Andrew Argall,,,,,Canada East,Men,,315 lb,--,245 lb,445 lb,316,28:24,4:39,--,10:30,--,23,--,200 lb,0:54
107,Bradley Parkinson,,,,,Canada West,Men,,--,--,--,--,--,--,--,--,--,--,--,--,--,--
108,Manuela Echeverri,,,,,Latin America,Women,,205 lb,--,140 lb,225 lb,259,26:02,6:02,--,--,--,17,24:10,95 lb,1:10
109,Robert Jones,,,,,,,,255 lb,--,185 lb,345 lb,315,20:33,5:55,3:52,8:53,--,40,19:23,135 lb,--
110,Jeff Bramhall,,,,,North East,Men,,315 lb,--,--,450 lb,--,30:37,5:41,2:40,10:36,--,--,--,--,1:06
111,Laura Henschel,CrossFit Island Park,,,,United States,Women,,240 lb,--,160 lb,290 lb,--,--,3:39,3:24,8:54,--,42,20:55,120 lb,--
112,Donald Rice,,,,,,,,420 lb,--,--,515 lb,--,28:18,3:43,3:15,8:45,--,36,20:56,--,--
113,Courtney Beck,,,,,Mid Atlantic,Women,,195 lb,--,125 lb,215 lb,244,27:22,5:59,--,--,--,--,--,--,--
114,Steve Hoover,CrossFit Terminus,,"2023 open
276th
worldwide",276th,worldwide,Men,Men (40-44),525 lb,--,365 lb,605 lb,437,--,2:17,1:12,--,--,43,20:00,275 lb,0:53
115,Stephen Bullock,,,,,Australia,Men,,150 kg,--,130 kg,200 kg,330,25:37,5:11,1:55,9:42,--,33,25:00,102 kg,1:00
116,Josh Middleton,,,,,Mid Atlantic,Men,,325 lb,--,215 lb,415 lb,--,--,--,2:17,--,--,--,--,--,--
117,Nathan Jansen,,,,,Central East,Men,,365 lb,--,242 lb,430 lb,289,19:02,5:41,2:36,11:47,--,33,24:59,155 lb,--
118,Ross Thomas,,,,,,,,345 lb,--,225 lb,--,--,--,2:54,2:01,--,--,51,20:21,150 lb,--
119,Andrew Hawkins,,,,,Mid Atlantic,Men,,425 lb,--,285 lb,440 lb,--,18:55,2:32,1:59,--,--,68,19:24,215 lb,1:12
120,John Hoffner,CrossFit Vive,,,,North America,Men,,310 lb,--,225 lb,385 lb,369,21:38,4:22,4:18,8:08,--,--,18:47,190 lb,--
121,Jacob Hughes,,,,,,,,245 lb,--,175 lb,315 lb,--,--,--,--,--,--,--,--,--,--
122,Daniel O'Brien,Brick CrossFit Grand Central Station,,,,United States,Men,,370 lb,--,305 lb,465 lb,389,27:28,2:16,1:51,8:00,--,61,24:43,255 lb,1:03
123,Justin Lawrence,CrossFit Freedom,,,,United States,Men,,--,--,--,--,--,--,--,--,--,--,--,--,--,--
124,Lisa Menchetti,CrossFit Top End,,,,Australasia,Women,,118 kg,--,86 kg,130 kg,--,--,3:21,2:44,--,--,20,22:20,73 kg,--
125,Daniel Casey,,,,,North East,Men,,345 lb,--,205 lb,435 lb,390,--,2:53,2:35,7:26,--,31,21:00,--,1:05
126,Aaron Anderson,,,,,,,,275 lb,--,185 lb,300 lb,--,35:00,--,7:40,14:40,--,--,--,135 lb,--
127,austin geiser,,,,,,,,350 lb,--,200 lb,385 lb,--,--,14:45,--,--,--,30,--,115 lb,--
128,Bruce Tappen,Training PIT CrossFit,,,,United States,Men (55-59),,300 lb,--,210 lb,350 lb,297,--,5:26,--,--,--,29,--,145 lb,--
129,Matt Krows,,,,,,,,--,--,--,--,--,--,--,--,--,--,--,--,--,--
130,Josh Silvernail,CrossFit Rally Point,,,,United States,Men,,445 lb,--,315 lb,555 lb,453,16:13,2:12,1:51,8:10,--,50,19:57,265 lb,0:53
131,Zack Davis,,,,,,,,--,--,--,--,--,--,--,--,--,--,--,--,--,--
132,Joshua Surenok,,,,,North West,Men,,345 lb,--,110 kg,435 lb,293,21:56,3:41,3:00,8:40,--,--,--,155 lb,--
133,Philippa Robinson,Ocean Fitness CrossFit,,"2023 quarterfinals
910th
worldwide",910th,worldwide,Women,Women (40-44),120 kg,--,97 kg,166 kg,--,22:54,3:39,1:52,9:11,--,30,--,73 kg,--
134,Chris Flores,,,,,South Central,Men,,--,--,--,--,--,--,--,--,--,--,--,--,--,--
135,Dale Richardson,,,,,,,,--,--,--,--,--,--,--,--,--,--,--,--,--,--
136,Brad Cordova,,,,,,,,310 lb,--,--,--,249,--,--,--,--,--,--,--,--,--
137,Robin Warnick,CrossFit Terminus,,,,United States,Women,,245 lb,--,165 lb,265 lb,293,--,4:29,2:25,11:09,--,25,25:08,120 lb,1:20
138,Aaron Forgue,,,,,Central East,Men,,265 lb,--,190 lb,355 lb,--,--,6:13,5:48,10:45,--,30,23:42,135 lb,--
139,Callum Bishop,,,,,South Central,Men,,--,--,--,500 lb,372,--,3:20,1:31,--,--,--,--,--,1:06
140,Matthew Redgrove,CrossFit Maitland,,"2023 quarterfinals
673rd
worldwide",673rd,worldwide,Men,Men (40-44),170 kg,--,126 kg,211 kg,370,--,2:52,1:58,8:31,--,45,23:58,90 kg,--
141,Michael Koslap,,,"2023 open
3153rd
worldwide",3153rd,worldwide,Men,Men (40-44),370 lb,--,265 lb,465 lb,383,19:15,2:49,2:08,8:58,--,36,19:30,220 lb,--
142,Jonathan Shum,CrossFit Barbell Dao,,,,Costa Rica,Men,,370 lb,--,265 lb,435 lb,--,--,3:35,2:26,9:56,--,25,29:29,205 lb,--
143,Anthony Human,,,,,South East,Men,,335 lb,--,205 lb,365 lb,437,15:03,4:46,4:29,8:11,--,58,32:45,135 lb,1:03
144,Phillip Leroy-Beaulieu,,,,,Central East,Men,,500 lb,--,345 lb,550 lb,378,17:40,2:24,1:39,8:55,--,60,100:39,270 lb,1:10
145,Eddy Gifford,CrossFit Apollo,,,,North America,Men,,390 lb,--,300 lb,500 lb,478,--,2:40,--,7:42,--,70,21:00,250 lb,1:00
146,Lucas Thompson,,,,,Central East,Men,,300 lb,--,225 lb,365 lb,420,15:32,3:16,3:10,8:10,--,43,--,--,--
147,Jim Romagnano,CrossFit 908,,,,United States,Men,,--,--,--,--,--,--,--,2:14,--,--,--,--,--,--
148,Chris Woody,,,,,North Central,Men,,315 lb,--,225 lb,355 lb,266,26:29,5:00,--,10:45,--,27,--,192 lb,0:58
149,Adam Ryan,,,,,North West,Men,,--,--,225 lb,360 lb,--,--,4:08,2:30,--,--,--,16:23,--,1:06
150,Joshua Roda,CrossFit Chilliwack,,,,Canada West,Men,,330 lb,--,255 lb,480 lb,408,18:20,3:30,2:35,7:58,--,50,--,185 lb,--
151,Ryan Lunny,CrossFit Invictus Back Bay,,"2023 open
22158th
worldwide",22158th,worldwide,Men,Men,365 lb,--,255 lb,410 lb,--,23:00,2:39,3:37,9:27,--,45,21:41,210 lb,--
152,Jesse Durrum,,,,,South East,Men,,405 lb,--,245 lb,438 lb,250,25:25,3:35,2:27,9:17,--,40,22:01,175 lb,1:13
153,Chris Hanson,,,,,,,,--,--,--,--,--,--,--,--,--,--,--,--,--,--
154,Sam Steen,CrossFit Wichita Falls,,"2023 quarterfinals
1027th
worldwide",1027th,worldwide,Men,Men (40-44),390 lb,--,265 lb,505 lb,352,23:35,3:33,2:19,8:27,--,40,--,220 lb,--
155,Samantha Aiken,,,,,North Central,Women,,215 lb,--,150 lb,300 lb,329,22:51,4:58,3:03,10:40,--,13,20:40,105 lb,1:30
156,James Giorgi,CrossFit WindRose,,"2023 open
1526th
worldwide",1526th,worldwide,Men,Men (45-49),365 lb,--,265 lb,410 lb,322,28:32,3:49,2:53,9:16,--,--,--,205 lb,--
157,Daniella Verhoest,CrossFit 908,,"2023 quarterfinals
291st
North America East",291st,North America East,Women,Women,303 lb,--,231 lb,345 lb,--,--,2:37,1:54,10:22,--,30,--,190 lb,--
158,Aaron Gosnell,Compound CrossFit,,,,United States,Men,,--,--,--,--,--,--,--,--,--,--,--,--,--,--
159,Allyson Donovan,,,,,North East,Women,,235 lb,--,165 lb,255 lb,287,--,5:49,2:31,--,--,--,--,105 lb,--
160,Michael Hadley Jr.,Butchertown CrossFit,,,,United States,Men,,415 lb,--,315 lb,515 lb,414,19:56,2:23,1:56,8:39,--,--,25:00,225 lb,1:11
161,Vanessa Frost,,,,,North Central,Women,,275 lb,--,215 lb,315 lb,--,--,--,--,--,--,--,--,165 lb,--
162,Charles Browne,,,,,South Central,Men,,--,--,--,--,--,--,--,--,--,--,--,--,--,--
163,Derik Ledesma,,,,,North America,Men,,380 lb,--,250 lb,440 lb,--,--,4:32,2:30,9:34,--,--,25:30,195 lb,1:26
164,Virginia Gallegos,,,,,Australia,Women,,84 kg,--,68 kg,112 kg,--,--,4:17,4:20,8:57,--,40,26:06,53 kg,--
165,George Karcevski,,,,,,,,--,--,--,--,--,--,--,--,--,--,--,--,--,--
166,Caitlin Mills,,,,,Central East,Women,,--,--,--,--,--,--,--,--,--,--,--,--,--,--
167,tristan cornish,,,,,,,,--,--,--,410 lb,--,--,--,--,--,--,20,--,--,--
168,Richard Johnson,CrossFit TakeOff,,"2023 open
890th
worldwide",890th,worldwide,Men (55-59),Men (55-59),--,--,--,--,--,--,--,--,--,--,--,--,--,--
169,James Bannon,CrossFit Factory Square,,,,North America,Men,,375 lb,--,290 lb,500 lb,299,23:10,3:29,3:08,8:29,--,31,21:57,205 lb,0:54
170,Donald Harris,BAR X CrossFit,,,,North America,Men,,435 lb,--,295 lb,495 lb,313,20:04,2:56,4:30,9:45,--,38,21:33,250 lb,--
171,Pamela Virden,,,,,South West,Women,,--,--,--,--,--,--,--,--,--,--,--,--,--,--
172,Wesley Stoneman,,,,,South East,Men,,315 lb,--,225 lb,405 lb,--,--,--,--,--,--,45,20:00,165 lb,--
173,Thomas Lynn,CrossFit Mayhem,,,,North America East,Men (65+),,--,--,--,405 lb,272,--,--,4:00,11:15,--,25,--,155 lb,1:30
174,Hafiz Omar,,,,,,,,--,--,--,--,--,--,--,--,--,--,--,--,--,--
175,Randall Rattan,,,,,South Central,Men (45-49),,445 lb,--,318 lb,--,--,--,6:25,--,--,--,--,21:50,242 lb,51:00
176,Dave Rodecap,,,,,,,,--,--,--,--,--,--,--,--,--,--,--,--,--,--
177,Chris Messina,,,,,Southern California,Men,,305 lb,--,225 lb,455 lb,357,21:33,3:25,2:07,--,--,--,--,175 lb,--
178,James Slevin,U Turn CrossFit,,,,North America West,Men,,305 lb,--,225 lb,405 lb,327,--,5:52,2:09,9:26,--,--,--,165 lb,1:26
179,Aaron Varcasio,CrossFit Ken Caryl,,,,United States,Men,,315 lb,--,225 lb,405 lb,299,26:20,3:18,6:13,--,--,18,23:52,175 lb,--
180,Wayne Smith,,,,,Mid Atlantic,Men,,365 lb,--,265 lb,465 lb,--,19:04,3:04,--,9:13,--,47,22:30,205 lb,0:55
181,Shawn Claassen,CrossFit Kerosene,,,,United States,Women,,205 lb,--,--,245 lb,--,22:55,--,--,10:36,--,27,22:09,--,--
182,Simon Meunier,CrossFit Rosemont,,,,Canada East,Men,,--,--,--,--,--,--,--,--,--,--,--,--,--,--
183,Megan Jenkins,,,,,Central East,Women,,200 lb,--,150 lb,255 lb,--,26:13,6:45,4:17,--,--,16,27:23,105 lb,1:23
184,Melissa Kiel,East Ormond Beach CrossFit,,"2023 quarterfinals
744th
worldwide",744th,worldwide,Women,Women (40-44),250 lb,--,200 lb,330 lb,320,--,3:30,--,--,--,--,--,160 lb,1:23
185,David Wilson,,,,,,,,--,--,--,--,--,--,--,--,--,--,--,--,--,--
186,Michael White,,,,,Northern California,Men,,505 lb,--,350 lb,605 lb,300,--,4:36,1:45,12:31,--,20,31:00,275 lb,2:10
187,Janice Marie Ferguson,Bandit CrossFit,,"2023 open
1036th
worldwide",1036th,worldwide,Women,Women (45-49),245 lb,--,185 lb,300 lb,--,--,3:46,--,--,--,40,20:30,130 lb,1:07
188,Casey Jourdan,,,,,North West,Women,,135 lb,--,115 lb,195 lb,--,--,--,--,--,--,5,--,92 lb,--
189,Austin Ireland,,,,,Mid Atlantic,Men,,340 lb,--,263 lb,410 lb,321,21:13,2:59,2:41,--,--,52,21:00,195 lb,1:19
190,Joshua Wells,CrossFit Rejoice,,,,South Central,Men,,200 kg,--,135 kg,214 kg,--,--,2:31,--,--,--,65,19:27,104 kg,--
191,Joseph Beck,,,,,North West,Men,,190 kg,--,115 kg,195 kg,357,29:05,3:49,3:26,11:04,--,25,23:05,100 kg,1:15
192,andrew schwallenberg,,,,,,,,--,--,--,--,--,--,--,--,--,--,--,--,--,--
193,Robert Norman,,,,,South East,Men,,335 lb,--,245 lb,405 lb,286,34:17,4:38,6:00,9:12,--,50,23:37,185 lb,1:18
194,Miranda Alcaraz,Street Parking CrossFit,,"2023 open
374th
worldwide",374th,worldwide,Women,Women (40-44),300 lb,--,215 lb,335 lb,350,19:45,2:10,1:47,8:30,--,65,23:40,180 lb,1:07
195,Michael McDorman,,,,,Southern California,Men,,285 lb,--,255 lb,370 lb,270,29:19,3:19,3:23,9:38,--,48,23:54,215 lb,1:29
196,Evan Bombino,CrossFit Oshawa,,,,Canada,Men,,375 lb,--,295 lb,460 lb,449,17:49,2:25,1:37,8:21,--,42,--,225 lb,1:01
197,Melissa Maslen,CrossFit Narellan,,,,Australasia,Women,,85 kg,--,67 kg,128 kg,306,28:56,--,3:58,11:42,--,12,--,45 kg,1:10
198,Matthew Tapply,Great Bay CrossFit,,,,United States,Men,,460 lb,--,330 lb,500 lb,--,--,2:20,--,--,--,55,--,255 lb,--
199,Sarah Penry,CrossFit Zia,,,,South West,Women,,225 lb,--,165 lb,290 lb,353,22:30,3:55,1:57,9:14,--,26,21:55,137 lb,--
200,Fiona McFarland,,,,,Mid Atlantic,Women,,305 lb,--,195 lb,320 lb,310,--,3:12,2:09,--,--,21,--,145 lb,--
201,Justin Allen,CrossFit T-Town,,,,United States,Men,,465 lb,--,350 lb,525 lb,451,--,2:11,1:15,7:44,--,60,21:12,290 lb,1:00
202,Brooks DuBois,Be CrossFit,,,,North America,Men,,405 lb,--,315 lb,505 lb,345,--,3:00,3:00,--,--,40,--,240 lb,--
203,Dillon O'Neill,,,,,,,,--,--,--,--,--,--,--,--,--,--,--,--,--,--
204,Jonathan Christie,Landmark CrossFit,,,,North America East,Men,,435 lb,--,255 lb,460 lb,212,--,5:37,6:43,--,--,25,--,175 lb,--
205,Brandon Lowham,,,,,South West,Men,,--,--,--,--,--,--,--,--,--,--,--,--,--,--
206,JP Bolwahnn,Iron Palace CrossFit,,,,North America,Men,,467 lb,--,312 lb,484 lb,--,--,2:32,--,9:15,--,53,--,240 lb,--
207,Richard Hernandez,Pacifico CrossFit,,,,West Coast,Men,,--,--,--,--,--,--,--,--,--,--,--,--,--,--
208,Travis Kepp,CrossFit Igneous,,,,United States,Men,,285 lb,--,235 lb,365 lb,349,--,5:07,--,--,--,30,18:00,175 lb,1:07
209,Blake Robinson,,,,,South West,Men,,--,--,--,--,--,--,--,--,--,--,--,--,--,--
210,Jeffrey Binek,Friendship CrossFit,,,,United States,Men,,445 lb,--,330 lb,565 lb,424,--,2:17,1:17,6:47,--,68,18:12,250 lb,0:51
211,Stacy Claycomb,,,,,South West,Women,,--,--,--,--,--,--,--,--,--,--,--,--,--,--
212,Kathy Miller,,,,,North America,Women (65+),,170 lb,--,108 lb,236 lb,218,30:21,--,6:37,--,--,9,26:24,78 lb,--
213,Jeffrey Fincher,CrossFit TRONE,,,,United States,Men,,295 lb,--,215 lb,450 lb,354,18:45,3:35,2:55,7:20,--,--,--,155 lb,--
214,Joe Bowles,,,,,North West,Men,,--,--,--,--,--,--,--,--,--,--,--,--,--,--
215,Adam Angrisanio,,,,,Mid Atlantic,Men,,365 lb,--,245 lb,450 lb,--,30:52,3:04,3:43,--,--,25,--,198 lb,1:12
216,Jesse Haines,,,,,South Central,Men,,395 lb,--,290 lb,500 lb,--,19:31,2:21,1:21,7:29,--,55,23:00,240 lb,1:05
217,AMY MCGINLEY,,,,,,,,--,--,--,--,--,--,--,--,--,--,--,--,--,--
218,Ryan Vratil,,,,,North Central,Men,,245 lb,--,--,360 lb,382,--,3:41,--,8:51,--,49,19:50,--,1:10
219,Mark McSharry,,,,,,,,385 lb,--,280 lb,455 lb,--,--,2:40,1:58,--,--,--,--,205 lb,--
220,Richard Thapthimthong,,,,,Australia,Men,,165 kg,--,100 kg,205 kg,249,29:21,4:34,--,10:53,--,--,25:18,85 kg,--
221,Erik Glynn,,,,,North West,Men,,335 lb,--,245 lb,415 lb,--,--,--,--,--,--,24,18:30,195 lb,0:55
222,Sean Sparks,,,,,South Central,Men,,335 lb,--,250 lb,420 lb,296,26:33,5:04,3:12,10:26,--,38,23:31,195 lb,--
223,Tyler Fischer,CrossFit Explode,,"2023 quarterfinals
1291st
North America East",1291st,North America East,Men,Men,405 lb,--,325 lb,465 lb,--,--,2:45,--,--,--,--,--,275 lb,--
224,Cat Hanna,,,,,Central East,Women,,280 lb,--,165 lb,298 lb,331,--,3:59,2:54,10:04,--,25,--,125 lb,--
225,Daniel Bliven,,,,,Southern California,Men,,295 lb,--,205 lb,365 lb,--,--,--,--,--,--,32,--,135 lb,--
226,Adam Niederhofer,,,,,,,,265 lb,--,--,405 lb,--,--,--,--,--,--,--,--,--,--
227,Matthew Lawrence,Samurai CrossFit,,,,Mid Atlantic,Men,,405 lb,61:41,290 lb,525 lb,359,24:45,3:05,3:10,8:51,--,50,20:58,210 lb,1:07
228,Rudy SuazoRudyS,,,,,,,,203 lb,--,--,272 lb,232,--,--,--,--,--,--,24:42,--,1:04
229,Peter Hong,,,,,North West,Men,,335 lb,--,260 lb,385 lb,--,25:00,3:32,2:56,9:30,--,40,--,205 lb,--
230,Ryan Pedder,CrossFit 2283,,"2023 open
3322nd
worldwide",3322nd,worldwide,Men,Men (40-44),160 kg,--,130 kg,200 kg,427,20:30,3:27,1:58,8:15,--,--,--,110 kg,--
231,Jamie Dennis,CrossFit Helix,,,,United States,Women,,245 lb,--,155 lb,300 lb,284,33:06,4:19,3:50,10:58,--,--,29:04,125 lb,--
232,Michael Wright,,,,,South Central,Men,,315 lb,--,225 lb,365 lb,346,24:26,4:05,3:05,7:59,--,36,19:45,185 lb,--
233,Tyler Holm,,,,,North Central,Men,,435 lb,--,231 lb,445 lb,--,--,3:37,3:10,10:26,--,--,23:26,190 lb,--
234,Meagan Herring,,,,,South East,Women,,225 lb,--,160 lb,--,--,--,--,3:48,--,--,40,23:48,115 lb,--
235,Katie Tromello,Precision CrossFit,,,,United States,Women,,300 lb,--,231 lb,365 lb,423,20:18,2:41,--,8:53,--,50,21:00,200 lb,--
236,Michelle Keeton,,,,,,,,135 lb,--,--,275 lb,--,--,--,--,--,--,--,--,--,--
237,Riley Darr,CrossFit 604,,"2023 open
2742nd
worldwide",2742nd,worldwide,Women,Women (40-44),215 lb,--,165 lb,265 lb,--,--,--,--,--,--,--,--,145 lb,--
238,Leigh Foster,,,,,Australia,Men,,150 kg,--,115 kg,220 kg,375,--,3:38,2:58,--,--,51,--,90 kg,--
239,Nicholas Trombley,CrossFit 1836,,,,South Central,Men,,--,--,--,--,405,--,--,--,--,--,47,--,--,1:00
240,Cara Lutzow,CrossFit Zeal,,,,Mid Atlantic,Women,,315 lb,--,220 lb,355 lb,315,--,2:40,1:30,8:50,--,45,--,175 lb,--
241,Heath Holt,,,,,,,,315 lb,--,215 lb,390 lb,--,--,3:02,3:31,--,--,60,--,165 lb,--
242,Raul Avila,,,,,,,,225 lb,--,--,365 lb,--,--,--,--,--,--,--,--,--,--
243,Ty Green,,,,,North West,Men,,--,--,--,--,--,--,--,--,--,--,--,--,--,--
244,Aaron Engelsrud,,,,,North Central,Men,,205 lb,--,155 lb,275 lb,250,36:42,10:39,--,13:09,--,--,23:42,125 lb,1:50
245,Sadie Cook,,,,,South West,Women,,--,--,43 kg,198 lb,203,--,9:56,--,10:56,--,27,--,--,--
246,scott mackley,,,,,Southern California,Men,,--,--,--,--,--,--,--,--,--,--,--,--,--,--
247,Elena Frick,,,,,,,,--,--,--,--,--,--,--,--,--,--,--,--,--,--
248,Justin Ahrens,Treeline CrossFit,,"2023 quarterfinals
37th
worldwide",37th,worldwide,Men,Men (35-39),455 lb,--,350 lb,515 lb,--,--,2:06,--,--,--,97,--,283 lb,0:56
249,karen carnahan,CrossFit La Mesa,,,,United States,Women (60+),,150 lb,--,110 lb,235 lb,236,--,8:36,--,--,--,21,--,78 lb,--
250,eben register,,,,,North West,Men,,--,--,--,--,--,--,--,--,--,--,--,--,--,--
251,Michael Fantini,Ocean CrossFit,,,,North America East,Men,,410 lb,--,300 lb,500 lb,--,--,--,--,--,--,--,--,230 lb,--
252,Ashleylou Hinojosa,CrossFit SPXF,,,,South Central,Women,,225 lb,--,170 lb,305 lb,--,--,--,--,--,--,--,--,135 lb,--
253,Nathan Lauritzen,CrossFit Foothill,,,,West Coast,Men,,435 lb,--,325 lb,495 lb,430,17:31,2:40,2:25,8:13,--,47,21:25,240 lb,1:07
254,Brennan Harris,,,,,Southern California,Men,,--,--,--,--,--,--,--,--,--,--,--,--,--,--
255,Keith Riel,Howe Sound CrossFit,,,,Canada,Men,,330 lb,--,118 kg,405 lb,334,23:23,4:40,2:34,9:20,--,34,20:00,98 kg,1:20
256,Tri La,,,,,North Central,Men,,350 lb,--,247 lb,385 lb,250,26:48,2:58,2:57,9:21,--,53,24:59,205 lb,--
257,Christopher Zipf,,,,,,,,320 lb,--,--,405 lb,--,--,--,--,--,--,--,--,--,--
258,Craig Avera,CrossFit Palm Beach,,,,South East,Men,,455 lb,--,315 lb,485 lb,430,16:30,2:15,1:36,7:10,--,45,21:07,245 lb,0:58
259,Luke Cripps,CrossFit Colossus,,,,Oceania,Men,,183 kg,--,125 kg,230 kg,--,--,5:21,2:03,--,--,27,--,100 kg,--
260,Steve Forman,,,,,Northern California,Men,,--,--,--,--,--,--,--,--,--,--,--,--,--,--
261,Arnie Hernandez,,,,,North America,Men,,195 lb,--,160 lb,250 lb,244,--,7:09,6:06,8:56,--,--,25:00,--,--
262,James Lewis,,,,,,,,--,--,--,--,--,--,--,--,--,--,--,--,--,--
263,Joe Caddell,,,,,Northern California,Men,,305 lb,--,--,385 lb,--,--,6:28,3:33,11:55,--,--,--,135 lb,--
264,James King,CrossFit King,,"2023 open
266th
worldwide",266th,worldwide,Men,Men (50-54),145 kg,--,110 kg,180 kg,391,19:36,2:48,2:34,8:19,--,45,20:10,80 kg,--
265,Quinn Taylor,CrossFit LVL UP,,,,North America,Men,,385 lb,--,305 lb,450 lb,356,22:35,3:15,2:24,--,--,--,--,255 lb,--
266,steve balogh,,,,,Northern California,Men,,--,--,--,--,--,--,--,--,--,--,--,--,--,--
267,Bill DermODY,,,,,,,,--,--,--,--,--,--,--,--,--,--,--,--,--,--
268,Mason Doherty,CrossFit MSD,,"2023 quarterfinals
47th
Oceania",47th,Oceania,Men,Men,180 kg,--,140 kg,220 kg,--,--,2:22,1:44,7:36,--,60,19:40,118 kg,0:58
269,Bill Dermody,,,,,,,,--,--,--,--,--,--,--,--,--,--,--,--,--,--
270,Adam Locker,CrossFit Liger,,"2023 quarterfinals
115th
worldwide",115th,worldwide,Men,Men (50-54),--,--,--,--,--,--,--,--,--,--,--,--,--,--
271,Cody Lewis,,,,,,,,--,--,--,--,--,--,--,--,--,--,--,--,160 lb,--
272,Lisa De Vargas,,,,,South West,Women,,--,--,--,--,--,--,--,--,--,--,--,--,--,--
273,Lane Franklin,,,,,South West,Men,,385 lb,--,315 lb,475 lb,--,--,2:32,2:15,--,--,54,19:55,235 lb,1:02
274,jennifer galligan,,,,,South East,Women,,280 lb,--,165 lb,265 lb,--,--,5:45,3:33,--,--,150,--,125 lb,--
275,Rob Loar,,,,,South Central,Men,,--,--,--,--,--,--,--,--,--,--,--,--,--,--
276,Brad Meyer,,,,,Central East,Men,,410 lb,--,296 lb,465 lb,--,--,2:37,2:16,9:47,--,40,23:00,248 lb,1:09
277,Stephen Crescenti,,,,,,,,--,--,--,--,--,--,--,--,--,--,--,--,--,--
278,John Birkkjaer,CrossFit Herning,,"2023 open
2197th
worldwide",2197th,worldwide,Men,Men (35-39),170 kg,--,130 kg,251 kg,358,19:27,2:13,1:40,--,--,41,--,100 kg,1:02
279,Deon Hampton,,,,,,,,425 lb,--,275 lb,515 lb,--,--,--,--,--,--,22,22:33,225 lb,--
280,Mary Beth Prodromides,CrossFit Vex,,,,North America,Women (60-64),,265 lb,--,175 lb,325 lb,311,23:55,3:15,3:19,10:19,--,31,27:33,140 lb,1:22
281,Jack Bedrosian,,,,,,,,380 lb,--,235 lb,475 lb,--,--,4:32,4:47,--,--,32,--,175 lb,--
282,Mary Ann Sharf,,,,,Northern California,Women,,190 lb,--,155 lb,275 lb,--,19:20,4:52,2:43,--,--,--,--,110 lb,--
283,Quin Mc,,,,,Canada West,Women,,--,--,--,--,--,--,--,--,--,--,--,--,--,--
284,Emily Pengelly,,,,,Asia,Women,,190 lb,--,135 lb,245 lb,--,--,--,--,--,--,32,--,105 lb,--
285,Benjamin O'Heran,,,,,Canada West,Men,,265 lb,--,215 lb,365 lb,--,--,--,--,--,--,30,--,165 lb,--
286,Byron Walker,,,,,,,,--,--,--,--,--,--,--,--,--,--,--,--,--,--
287,Jacob Schmitt,,,,,Mid Atlantic,Men,,335 lb,--,235 lb,435 lb,--,--,3:28,--,--,--,--,--,185 lb,--
288,Brian Bowen,,,,,,,,350 lb,--,250 lb,415 lb,339,18:05,2:34,1:59,8:04,--,--,19:51,190 lb,--
289,Robert Schubring,,,"2023 open
752nd
worldwide",752nd,worldwide,Men (60-64),Men (60-64),305 lb,--,215 lb,405 lb,--,--,5:48,4:57,12:06,--,30,--,160 lb,--
290,EmilyTest O'Hearn,,,,,Canada West,Women,,--,--,--,--,--,--,--,--,--,--,--,--,--,--
291,Jack Cotter,,,,,North West,Men,,355 lb,--,275 lb,505 lb,--,--,2:52,2:17,--,--,--,--,225 lb,--
292,Denny Wilson,CrossFit Anywhere,,,,West Coast,Men,,405 lb,--,277 lb,435 lb,391,18:40,2:21,2:40,7:30,--,70,20:48,235 lb,1:04
293,Matthew Beswick,,,,,Canada West,Men,,335 lb,--,210 lb,485 lb,--,--,--,--,--,--,--,--,160 lb,--
294,Dabi Vargas Villalobos,CrossFit 506,,,,North America,Men,,355 lb,--,255 lb,415 lb,--,--,--,--,--,--,55,--,205 lb,--
295,Drew Larsen,,,,,South West,Men,,315 lb,--,205 lb,350 lb,285,27:23,5:06,7:09,9:43,--,36,21:38,135 lb,1:03
296,Craig Harriman,,,,,Asia,Men,,400 lb,--,275 lb,540 lb,--,--,2:18,2:27,8:50,--,--,20:00,187 lb,1:17
297,Ryan Aker,CrossFit RWOL,,,,North America West,Men,,485 lb,--,300 lb,500 lb,--,--,--,1:32,--,--,35,--,235 lb,--
298,Chris Patterson,CrossFit Tamiami,,,,United States,Men,,385 lb,--,315 lb,550 lb,--,--,2:47,1:45,7:59,--,60,20:20,235 lb,0:55
299,Amando Mendez,,,,,South Central,Men,,--,--,--,--,--,--,--,--,--,--,--,--,--,--
300,Ray Ignacio,,,,,North Central,Men,,--,--,--,--,--,--,--,--,--,--,--,--,--,--
301,Peter Roulet,Peak 5 CrossFit,,,,United States,Men,,--,--,185 lb,405 lb,227,--,7:00,7:14,--,--,32,--,145 lb,1:18
302,Derek McLain,,,,,North West,Men,,--,--,--,--,--,--,--,--,--,--,--,--,--,--
303,Edward Donlin,CrossFit Whiskey Tango Foxtrot,,"2023 open
5139th
worldwide",5139th,worldwide,Men,Men (35-39),315 lb,60:30,265 lb,435 lb,--,--,3:40,3:30,6:44,--,42,25:24,185 lb,--
304,Kie Drea,,,,,Asia,Men,,115 kg,--,87 kg,145 kg,297,28:08,6:56,8:36,9:51,--,26,22:25,74 kg,1:17
305,Cecilio Jasso Jr,,,,,South Central,Men,,--,--,--,500 lb,--,--,--,--,--,--,--,--,--,--
306,Matthew Hehn,Albany CrossFit,,,,United States,Men,,--,--,--,--,--,--,--,--,--,--,--,--,--,--
307,Michael Santa Maria,,,,,North East,Men,,405 lb,--,275 lb,495 lb,--,--,3:23,--,--,--,--,23:47,215 lb,--
308,Christopher Zuppan,Diablo CrossFit,,,,West Coast,Men,,335 lb,--,245 lb,365 lb,325,25:18,3:57,2:50,8:49,--,35,22:32,205 lb,--
309,Wesley Sun Chee Fore,,,,,South Central,Men,,465 lb,--,295 lb,485 lb,387,18:51,2:17,1:54,7:51,--,59,23:36,265 lb,0:59
310,Griffin Bolan,,,,,Northern California,Men,,500 lb,--,280 lb,545 lb,--,--,2:55,--,--,--,35,--,190 lb,--
311,Tony Taddeo,,,,,Southern California,Men,,375 lb,--,265 lb,465 lb,446,15:43,2:36,2:18,8:10,--,49,18:55,500 lb,0:54
312,Terran Helland,,,,,North West,Women,,205 lb,--,140 lb,240 lb,--,--,5:30,3:45,--,--,43,--,105 lb,--
313,Alexander Repanich,,,,,North West,Men,,305 lb,--,225 lb,365 lb,302,30:42,5:25,2:52,9:39,--,36,25:34,175 lb,1:23
314,mike porter,,,,,,,,--,--,--,--,--,--,--,--,--,--,--,--,--,--
315,Matt Munson,,,,,South Central,Men,,315 lb,--,--,350 lb,--,--,--,--,--,--,32,--,--,--
316,Corrado Weed,,,,,,,,--,--,80 kg,180 kg,384,--,4:21,--,9:35,--,35,22:30,--,1:18
317,Rich Anderson,,,,,North West,Men,,375 lb,--,250 lb,435 lb,369,18:30,2:52,2:14,7:18,--,--,20:55,205 lb,0:58
318,Tori Gray,CrossFit Coeur d'Alene,,,,North America West,Women (60-64),,227 lb,--,125 lb,303 lb,--,--,--,--,--,--,--,27:00,90 lb,--
319,Sean White,Natural Strength CrossFit,,,,Canada West,Men,,--,--,--,--,--,--,--,--,--,--,--,--,--,--
320,Doug Kaufman,,,,,South West,Men,,300 lb,--,205 lb,395 lb,--,28:06,5:16,5:56,--,--,40,--,135 lb,--
321,April King,CrossFit King,,,,Oceania,Women,,85 kg,--,70 kg,116 kg,313,25:40,4:56,4:45,9:13,--,30,24:56,53 kg,1:20
322,Jose Gonzalez,,,,,,,,--,--,--,--,--,--,--,--,--,--,--,--,--,--
323,Drew Wilson,CrossFit Extent,,,,United States,Men,,455 lb,--,325 lb,500 lb,408,--,2:58,2:00,8:37,--,40,22:00,255 lb,1:10
324,Steve Bartholomew,,,,,,,,265 lb,--,175 lb,325 lb,281,--,--,6:35,10:50,--,--,--,--,--
325,Jason Thornhill,,,,,South West,Men,,--,--,--,--,--,--,--,--,--,--,--,--,--,--
326,Katie Merrill,CrossFit N2O,,,,West Coast,Women,,210 lb,--,160 lb,335 lb,--,--,5:05,4:29,--,--,33,--,110 lb,1:31
327,Seth Wareing,,,,,Europe,Men,,130 kg,--,80 kg,200 kg,--,25:39,6:13,--,10:08,--,--,21:06,62 kg,--
328,Matthew Merkley,CrossFit Burlingame,,,,United States,Men,,325 lb,--,210 lb,355 lb,--,--,3:43,2:51,9:54,--,30,19:49,160 lb,1:05
329,Audra Arlain,CrossFit Tribal Threat,,,,Canada,Women,,--,--,--,--,--,--,--,--,--,--,--,--,--,--
330,Mike Hofmann,,,,,Canada West,Men,,--,--,--,295 lb,--,33:00,7:10,--,--,--,--,--,--,--
331,Keith Humphries,,,,,,,,--,--,--,--,--,--,--,--,--,--,--,--,--,--
332,Riley Alfaqeeh,,,,,United States,Women,,245 lb,--,190 lb,--,--,--,5:45,4:36,--,--,40,--,155 lb,--
333,Colin Bleckner,Foundation CrossFit,,,,West Coast,Men,,--,--,110 kg,--,299,--,6:15,2:34,--,--,33,--,70 kg,0:56
334,Lachlan McClusky,CrossFit Raven,,,,Australasia,Men,,193 kg,--,125 kg,190 kg,--,--,2:37,--,--,--,53,25:00,107 kg,--
335,Gregg Peterson,,,,,,,,275 lb,--,205 lb,365 lb,284,29:15,4:44,3:36,10:35,--,30,--,165 lb,--
336,Ron Gellis,CrossFit Reform,,,,West Coast,Men (60+),,255 lb,--,185 lb,340 lb,260,--,7:40,7:20,8:57,--,45,25:20,137 lb,1:37
337,Megan Aylward,,,,,Central East,Women,,245 lb,--,165 lb,275 lb,--,--,2:56,3:38,10:31,--,36,--,125 lb,--
338,Brandon Reynon,CrossFit Alakai,,,,United States,Men,,325 lb,--,210 lb,425 lb,301,24:33,5:01,4:33,12:30,--,30,24:45,155 lb,0:58
339,Randy Bitonti Jr,,,,,Southern California,Men,,--,--,--,--,--,--,--,--,--,--,--,--,--,--
340,Daniel Cowan,,,,,Australia,Men,,140 kg,--,110 kg,160 kg,359,--,3:20,3:20,--,--,--,--,80 kg,--
341,John Holycross,,,,,,,,--,--,--,355 lb,--,--,2:43,--,--,--,--,--,--,0:57
342,Brett Wilson,Tekton CrossFit,,,,North America West,Men (65+),,--,--,--,--,--,--,--,--,--,--,--,--,--,--
343,Eric Kutas,Left Coast CrossFit,,,,United States,Men,,--,--,--,--,--,--,--,--,--,--,--,--,--,--
344,Kris Saville,,,,,,,,161 kg,--,100 kg,190 kg,--,--,4:44,3:35,7:58,--,75,19:00,80 kg,--
345,Gilbert Buenrostro,,,,,,,,--,--,--,--,--,--,--,--,--,--,--,--,--,--
346,Luke Mcmahon,,,,,,,,90 kg,--,60 kg,140 kg,--,--,--,--,--,--,30,17:40,28 kg,1:00
347,Brian Garcia,CrossFit Chino Hills,,,,North America West,Men,,--,--,--,--,--,--,--,--,--,--,--,--,--,--
348,Kevin Crosby,CrossFit Costa Mesa,,,,West Coast,Men,,--,--,--,--,--,--,--,--,--,--,--,--,--,--
349,Randy Abernathy,,,,,Northern California,Men,,--,--,--,--,--,--,--,--,--,--,--,--,--,--
350,Michelle Maehler,CrossFit Train,,,,North America,Women,,265 lb,--,228 lb,355 lb,--,--,2:58,1:22,--,--,40,--,173 lb,1:16
351,Erica Rozetti,,,,,Southern California,Women,,--,--,--,--,--,--,--,--,--,--,--,--,--,--
352,Dean Oltman,,,,,Mid Atlantic,Men,,355 lb,--,225 lb,435 lb,329,23:30,4:13,2:21,9:18,--,25,--,190 lb,--
353,Joe Avila,,,,,North West,Men,,275 lb,--,225 lb,375 lb,201,--,8:01,2:33,9:16,--,5,30:16,185 lb,--
354,Christopher Douglas,CrossFit Paramount,,,,North America,Men,,484 lb,--,372 lb,475 lb,--,20:31,2:21,2:06,8:31,--,50,21:08,288 lb,1:07
355,James Treloar,IPC CrossFit,,,,United Kingdom,Men,,160 kg,--,118 kg,205 kg,353,--,3:57,2:20,8:19,--,--,18:00,98 kg,--
356,Salvatore DeRosalia,CrossFit Outcome,,,,United States,Men,,--,--,--,--,--,--,--,--,--,--,--,--,--,--
357,DJ Downs,,,,,,,,405 lb,--,300 lb,405 lb,--,--,--,--,--,--,--,--,225 lb,--
358,Jesse Prescott,,,,,South West,Men,,380 lb,--,270 lb,400 lb,333,26:18,4:19,2:29,--,--,--,--,205 lb,--
359,Hala Azzawe,,,,,,,,87 kg,--,58 kg,112 kg,--,22:42,8:17,--,9:35,--,--,25:00,46 kg,1:24
360,Christian Magee,,,,,,,,--,--,--,--,--,--,--,--,--,--,--,--,--,--
361,Andrew Bolliger,CrossFit Salem,,"2023 open
861st
worldwide",861st,worldwide,Men,Men (45-49),385 lb,--,275 lb,430 lb,441,--,2:29,--,--,--,55,21:30,220 lb,1:05
362,Devon Gardner,Yuba City CrossFit,,,,West Coast,Men,,315 lb,--,245 lb,405 lb,--,18:18,2:26,--,--,--,--,--,215 lb,1:01
363,David Hoffmaster,,,,,Asia,Men,,415 lb,--,255 lb,485 lb,454,16:31,2:35,2:05,7:25,--,50,18:45,210 lb,0:54
364,Daniel Eriksson,Kiruna CrossFit,,,,Sweden,Men,,--,--,--,--,--,--,--,--,--,--,--,--,--,--
365,Billy Mateske,MachineLab CrossFit,,,,North Central,Men,,320 lb,--,220 lb,410 lb,--,--,3:26,4:16,8:33,--,--,--,--,--
366,Johan Roth,,,,,Europe,Men,,152 kg,--,102 kg,166 kg,--,--,3:22,--,8:19,--,63,--,85 kg,--
367,ronald vredenbregt,,,,,Europe,Men,,--,--,--,--,--,--,--,--,--,--,--,--,--,--
368,Marshall Scott,,,,,Canada West,Men,,275 lb,--,185 lb,375 lb,293,--,5:59,--,10:27,--,33,--,145 lb,--
369,Christopher Tresp,Brick CrossFit,,"2023 quarterfinals
1244th
worldwide",1244th,worldwide,Men,Men (40-44),380 lb,--,245 lb,445 lb,--,--,2:56,3:33,7:40,--,47,20:37,190 lb,--
370,Richard Neindorf,CrossFit 604,,,,Canada West,Men,,--,--,--,--,--,--,--,--,--,--,--,--,--,--
371,Thomas Highmore,,,,,Canada West,Men,,380 lb,--,265 lb,470 lb,427,--,2:43,--,--,--,41,22:48,210 lb,1:14
372,Lucie Mitchell,,,,,,,,--,--,--,--,--,--,--,--,--,--,--,--,--,--
373,Mathew Miller,,,,,,,,--,--,--,--,--,--,--,--,--,--,--,--,--,--
374,Harlan Karnofsky,South Tahoe CrossFit,,,,United States,Men (60+),,350 lb,--,225 lb,460 lb,297,--,5:55,2:26,--,--,28,--,166 lb,1:13
375,Kevin Edgerton,,,,,North America,Men,,285 lb,--,195 lb,345 lb,318,22:20,3:25,--,21:20,--,40,23:12,165 lb,1:10
376,Joseph Linton,Offshore CrossFit,,,,North America,Men,,--,--,--,--,--,--,--,--,--,--,--,--,--,--
377,Nathan Fox,,,,,Australia,Men,,140 kg,--,90 kg,160 kg,--,23:28,4:58,--,10:21,--,--,18:45,70 kg,0:55
